"Movie ID","Title","Release Date","Genres","Runtime","Director","Producer"
"1","Response","1 - Oct - 2020","A""Z\'cDt7U","32","Vernon","Witting"
"2","Data","8 - Aug - 2020","`RuFb2pI2<","10","Ricardo","Little-Shanahan"
"3","Assurance","25 - Jan - 2021","r}uo-{R|OF","05","Ed","Murray"
"4","Division","9 - Sep - 2022",".&F/L?UPN^","36","Lloyd","Gleichner"
"5","Research","9 - May - 2022","9MI=$d0Gkd","77","Agnes","Hickle"
"6","Division","21 - Mar - 2020","YF(@`2%'3|","17","Lillian","Doyle"
"7","Mobility","28 - Jan - 2020","?;%vxSK>}_","28","Carrie","Parker"
"8","Solutions","12 - Dec - 2021","C3\`ZDdGM?","21","Wade","Feil"
"9","Markets","26 - Sep - 2020","kp7%{4E8`c","39","Gregg","Hartmann"
"10","Accounts","4 - Apr - 2023","4oxB9}\_)7","70","Stanley","Lebsack"
"11","Brand","1 - May - 2020","TX@eq60aI,","15","Jody","Feest"
"12","Paradigm","15 - Jul - 2020","gb@48lagQ>","77","Sergio","Bauch"
"13","Group","14 - Sep - 2024","\cRtc't3`(","58","Jimmy","Bode"
"14","Data","8 - May - 2021","Aj>.cgW<Nn","75","Arnold","Ondricka"
"15","Security","14 - Aug - 2023","\V]Y#R><L3","14","Mary","Hammes"
"16","Intranet","4 - Feb - 2022",",I4l+YeZDO","28","Christine","Parker"
"17","Implementation","1 - Aug - 2024","pVgYPHw=0l","57","Malcolm","Hudson"
"18","Brand","7 - Mar - 2021",":4:E9Jdz,#","73","Winston","Bruen"
"19","Optimization","2 - May - 2020","uBvV+_o9hu","77","Dianne","Casper"
"20","Accountability","1 - May - 2020","O}6th*an7?","57","Randal","Kovacek"
"21","Web","19 - Feb - 2023","Yt!lpstCbW","24","Kellie","Sipes"
"22","Accountability","28 - Sep - 2023","52'@""<s5NL","94","Virginia","Koelpin"
"23","Branding","11 - Jun - 2020","qlN1$Jj>L}","69","Faith","Steuber"
"24","Brand","10 - Aug - 2022","Y4RG64IJfQ","61","Joey","Quigley"
"25","Brand","12 - Feb - 2021","bhDyLc{aLz","12","Dora","Moen"
"26","Accountability","5 - Sep - 2020","zpdr\I[V8[","57","Tamara","Moen"
"27","Security","13 - Apr - 2021","_DAkE@}.L2","70","Edmund","Runolfsson"
"28","Tactics","24 - Jul - 2024","-D]jJb:0\:","32","Timmy","Hudson"
"29","Factors","1 - Sep - 2021","H#{5(kQ*g2","48","Michelle","Abbott-Swaniawski"
"30","Research","12 - Sep - 2023","(\^>|2uYbW","39","Meghan","Hudson"
"31","Research","8 - Jan - 2024","Kl#.QV?vZ`","89","Tanya","Pacocha-Gislason"
"32","Creative","9 - Jan - 2021","P{y+ybRA{`","96","Edward","Morar"
"33","Research","11 - Oct - 2021","imH)}LJ.Eh","84","Vivian","Borer"
"34","Branding","30 - Nov - 2020","SdZ)=`>gv-","04","Diane","Jenkins"
"35","Infrastructure","11 - Mar - 2020","nA0YUGGN)o","77","Hannah","Reichert"
"36","Response","5 - Sep - 2024","X-M>9Vn+iE","67","Michele","Cremin"
"37","Data","20 - Mar - 2024","[?>xc%!_t&","33","Heidi","Kuvalis"
"38","Brand","16 - Jun - 2024","HS;4&YJt9N","28","Frank","Green"
"39","Security","9 - May - 2023","')Z*PiX^bn","09","Janice","Ritchie-Lebsack"
"40","Implementation","3 - Oct - 2020","""njMMco+@y","29","Lonnie","Anderson"
"41","Directives","1 - Sep - 2024","D}LHdEmi/*","82","Sandy","Koepp"
"42","Response","6 - Jun - 2020","q^E;V3RTM&","30","Hubert","Pfeffer"
"43","Response","8 - Jan - 2023","bGws0E_S\x","82","Kristina","Marquardt"
"44","Usability","26 - Aug - 2020","8Yvd;yR,y(","01","Alejandro","Lowe"
"45","Program","25 - Jun - 2020","f<nIw)TM;5","72","Ismael","Zieme"
"46","Group","23 - Mar - 2020","CT)8}cTK#%","34","Pedro","Koepp"
"47","Functionality","18 - May - 2023",";z7.HF^l""""","88","Jill","Murphy"
"48","Creative","16 - Dec - 2023",")afP&iy!S=","24","Randolph","Boyer"
"49","Group","29 - May - 2021","1<`Tz{b<_C","46","Fannie","Harris"
"50","Accounts","14 - Apr - 2020",">|)WEmL41t","82","Alyssa","Conn"
"51","Communications","1 - Feb - 2024","*mQCWUsR?L","00","Casey","Ryan"
"52","Research","22 - Feb - 2022","6ig{PSP+Um","37","Damon","Altenwerth"
"53","Infrastructure","22 - Feb - 2024","R6xvjmUk%?","80","Beverly","Weissnat"
"54","Metrics","27 - Aug - 2023","NS*I=#RZqP","86","Katrina","Prohaska"
"55","Interactions","21 - Feb - 2021","^zxXQbodX$","08","Lorenzo","Kerluke"
"56","Branding","5 - Jan - 2023","!ybyOwOt\4","91","George","Marvin"
"57","Integration","26 - Jul - 2022","\^=7If'^F>","78","Enrique","Wintheiser"
"58","Integration","28 - May - 2022","ZJdC,:#4RU","68","Marcus","Boyer"
"59","Usability","30 - Mar - 2020","J-N}G]-&?J","75","Lisa","Quigley"
"60","Metrics","12 - Dec - 2022",",!*q!oD>i4","12","Sammy","Brakus"
"61","Functionality","29 - Sep - 2024","L8-oA:$g{5","46","Erin","Ondricka"
"62","Group","23 - Oct - 2021","2Wn[zkF2km","94","Luther","Jacobi"
"63","Metrics","4 - Jun - 2023","Do6mQiKL?n","57","Marsha","Larson"
"64","Program","2 - Apr - 2021","|[Fo&Swy;H","61","Guillermo","Considine"
"65","Mobility","10 - Feb - 2023","^)m?0>,@z;","26","Ross","Waters"
"66","Operations","23 - Jun - 2021","4]]B@:Ya_*","30","Lester","Schultz"
"67","Quality","26 - Apr - 2022","3jb?)h`wq_","50","Levi","Wunsch"
"68","Communications","19 - Sep - 2020","T6jcMs}8^N","10","Kristy","Schneider"
"69","Branding","23 - Aug - 2023","/xxM%9)&+n","21","Cornelius","Kshlerin"
"70","Directives","11 - Nov - 2020","hF*6E/=Ebq","53","Sonya","Watsica"
"71","Program","21 - May - 2023",":oO6dMX(""@","65","Sylvester","Kessler"
"72","Markets","29 - Mar - 2020","Wff\Yhro`:","41","Alfred","Langworth"
"73","Quality","23 - Nov - 2021","J!a!HF7'[C","81","Edwin","Jerde"
"74","Operations","5 - Jun - 2021","d|OQDB6=J{","42","Elijah","King"
"75","Quality","14 - Nov - 2021","l:q3mFKQ's","30","Dorothy","Hickle"
"76","Division","19 - Mar - 2020","-q.*R@d=,""","12","Priscilla","Leffler"
"77","Functionality","31 - Oct - 2020","'D<7U$7k<Y","37","Sophie","Ruecker"
"78","Configuration","19 - Jul - 2023","c^_f*8&HYA","67","Jean","Leffler"
"79","Branding","9 - Oct - 2020","Lh,zaXdPPo","26","Robin","Ortiz"
"80","Mobility","5 - May - 2022","6',S3Wur%Q","01","Victor","Goyette"
"81","Data","17 - Nov - 2021","m&;fD6t2""B","12","Kurt","Kiehn"
"82","Metrics","21 - Jun - 2024","'+UcDZoGk!","17","Jeffrey","Marks"
"83","Usability","19 - Jun - 2023",".EE(4u(@DF","84","Cheryl","Harvey"
"84","Security","24 - Dec - 2022","!iAo$1j=by","76","Leah","Beer"
"85","Division","5 - May - 2024","36A""E/_/mN","54","Hannah","Witting"
"86","Security","15 - May - 2024","v+pa84ED|L","52","Laurence","D'Amore"
"87","Directives","10 - Oct - 2024","8ffh@S/q7v","68","Boyd","Windler"
"88","Security","11 - Jul - 2023","723&zM)36d","36","Ashley","Armstrong"
"89","Functionality","18 - Jun - 2021","zf,,]8W+k&","25","Geoffrey","Huel"
"90","Communications","24 - Aug - 2021","%N,#hF'bk_","62","Raymond","Block"
"91","Operations","19 - Jun - 2022","=iFb6cGci{","72","Josh","Ruecker"
"92","Directives","12 - Jan - 2021","=V3,>%67{h","09","Sabrina","Luettgen"
"93","Group","4 - Sep - 2024","4\Rj$a|m,T","31","Ben","Spinka"
"94","Interactions","21 - Nov - 2022","DnBteZp;+;","42","Sherri","Braun"
"95","Intranet","19 - Jan - 2024","DDb'l`xe+d","40","Jean","Sipes"
"96","Program","17 - Feb - 2022","""u$F|Tc^#_","54","Gloria","Moen"
"97","Security","26 - Apr - 2020",")vi'A${+w4","95","Julius","Feeney"
"98","Data","27 - Oct - 2021","$[SF>6=+,W","77","Nadine","Jacobs"
"99","Quality","29 - Jan - 2020","C4'sr2D<zV","52","Crystal","Kunze"
"100","Directives","21 - Sep - 2023","Gl0m9+XA2d","90","Catherine","Christiansen"
"101","Implementation","28 - Jan - 2021","&?qR8,3c;;","46","Sarah","Hermiston"
"102","Infrastructure","7 - Apr - 2021","qT5T=Y^+W=","53","Camille","Rolfson"
"103","Infrastructure","28 - Sep - 2020","}mIoIH5'[1","63","Guillermo","Mueller"
"104","Creative","28 - Jun - 2021","Krns0q1wC)","75","Rachel","Lang-Effertz"
"105","Web","28 - Sep - 2023","m-y0.n0/y|","07","Norma","Bode"
"106","Optimization","3 - May - 2024","1z_V-<x^#.","12","Douglas","Kirlin"
"107","Implementation","24 - Oct - 2023",")r\q77@$uL","01","Jaime","McLaughlin"
"108","Metrics","18 - May - 2021","Z!N#PFqv[]","50","Monica","Parker"
"109","Integration","14 - Mar - 2023","5QtQYv*mWK","03","Sue","Herzog-Botsford"
"110","Quality","10 - Aug - 2021","|5Z^CQA!;!","81","Fannie","Purdy"
"111","Interactions","2 - Sep - 2020","ruT""PUm=Q|","44","Teresa","Thiel"
"112","Program","24 - Mar - 2024","<RSgkR7JsC","95","Lewis","Breitenberg"
"113","Security","28 - Aug - 2024","_Vl?_Q3.vE","33","Sophia","Fritsch"
"114","Web","28 - Aug - 2022","{QS>QT2O)F","57","Jessica","Dibbert"
"115","Marketing","11 - Dec - 2021","6&bdwWfBt.","83","Jonathan","Williamson"
"116","Paradigm","1 - Aug - 2021","f0I|cdgm*E","46","Alton","McDermott"
"117","Mobility","27 - Mar - 2021",":""g&U8%<bg","47","Melba","Casper"
"118","Infrastructure","18 - Mar - 2020","!'W0[=ex*^","92","Janie","Boyer"
"119","Accountability","5 - Oct - 2023","f8](z+*l8Y","11","Jimmy","Ziemann"
"120","Markets","11 - Apr - 2020","_,@D%$r]qR","77","Kent","Conroy"
"121","Integration","9 - Jan - 2023","UrPllbW&]\","72","Lee","Ferry"
"122","Quality","24 - Nov - 2020","Q7:;7e'<s!","54","Ana","Conn"
"123","Identity","29 - Jun - 2021","7f_:Z1Vfpj","45","Earl","Spinka"
"124","Identity","21 - Feb - 2021","ZM7]!6;O\1","00","Leonard","Welch"
"125","Interactions","24 - Feb - 2020","1Pnqv1jAM*","57","Judith","Hauck"
"126","Infrastructure","19 - Mar - 2024",".D(\s:#mmf","26","Benjamin","Trantow"
"127","Security","1 - Apr - 2022","3X80\Q'bkc","05","Melody","Roob"
"128","Metrics","20 - Jun - 2020","y""$Cf}::^X","84","Freda","Aufderhar"
"129","Division","25 - Sep - 2020",":cpTv1,bz5","18","Beverly","Huels"
"130","Web","1 - Nov - 2020","h!*}!/QAI'","73","Tyler","Prohaska"
"131","Solutions","25 - May - 2024","*GL4rm!btw","06","Miriam","Cummerata"
"132","Intranet","1 - Jan - 2020","(;d&U&RXM:","10","Jeffery","Christiansen"
"133","Solutions","13 - May - 2024","SbMPO*IKj.","35","Howard","Gorczany"
"134","Applications","12 - Mar - 2020","vsH@us.K%b","20","Yvette","O'Connell"
"135","Division","20 - Sep - 2023","^u%[+%yO<x","55","Monique","Champlin-Doyle"
"136","Branding","26 - Feb - 2023","\?udmG@FVm","29","Vicky","Crooks"
"137","Solutions","30 - Jan - 2021","ps7PhELNNK","74","Dawn","Schmidt"
"138","Factors","21 - Feb - 2021","uEHLUqsgsY","25","Allan","Huel"
"139","Markets","19 - Feb - 2022","Hy*#.o:la#","57","Traci","Corwin"
"140","Operations","11 - Feb - 2022","\v%&:)Md8r","75","Noel","Heathcote"
"141","Communications","8 - Jul - 2021","QAojn%mZY(","80","Doris","Douglas"
"142","Operations","26 - Jun - 2024","-f&Gf5s*\p","25","Heidi","Franey"
"143","Functionality","25 - Sep - 2020",".ZXUeHZi]+","20","Elaine","Schowalter"
"144","Operations","28 - Jan - 2024","^nX,F?""fRF","94","Monique","Jacobson"
"145","Intranet","6 - May - 2022","NM+Xpr'//N","28","Lena","Keeling"
"146","Interactions","15 - Dec - 2021","UdWY+Y3lIf","00","Alyssa","Hermann"
"147","Response","2 - Jan - 2021","w:{&XFJ{Ff","04","Irvin","Nitzsche"
"148","Infrastructure","17 - Jul - 2020","1b0hl!+Dp]","98","Julius","Cummings"
"149","Integration","10 - Oct - 2023","q`j}k%bT:s","88","Tina","Ruecker"
"150","Accounts","11 - Aug - 2023","C^Kj&5sLZG","35","Leon","McClure"
"151","Creative","25 - Mar - 2021","w:-s'gr""Zb","13","Joyce","Stokes"
"152","Configuration","29 - May - 2024","Y=+ZCcW135","45","Myron","Nicolas"
"153","Intranet","21 - Apr - 2022","aL:4Yk_gMq","27","Hattie","Rolfson"
"154","Factors","25 - May - 2024","cReXSF^utl","32","Shannon","Tremblay"
"155","Implementation","1 - May - 2023","<cbX?Yi"":*","31","Ronnie","Gottlieb"
"156","Factors","14 - Jan - 2020","0<$U]9XKzu","06","Raquel","Nienow"
"157","Solutions","7 - Apr - 2024","eU{[j,}En4","81","Louis","Mann"
"158","Usability","16 - Mar - 2021","""n]F5KkH@v","34","Viola","Zemlak"
"159","Mobility","14 - Aug - 2022","@G(upT!&4<","52","Kyle","Bartoletti"
"160","Integration","29 - Nov - 2022","^+QK1oz.wP","67","Angel","Cruickshank"
"161","Tactics","11 - May - 2022","-Uj)-/+<2q","09","Joyce","Koepp"
"162","Web","24 - Jan - 2024","n./$]f'l6'","32","Amy","Predovic"
"163","Mobility","3 - Sep - 2022","d5Qe7r{#c2","77","Gilbert","Kris"
"164","Research","19 - Jul - 2022","P8*9{Y;Ed""","60","Clinton","Bartell"
"165","Usability","19 - Mar - 2023","uJYA;`TGEi","44","Pauline","Hirthe"
"166","Assurance","17 - Jun - 2020","ce`T#`(Ju`","58","Lisa","Stroman"
"167","Interactions","16 - Feb - 2020","hJnI*VQ5S*","99","Erick","Prosacco"
"168","Data","27 - Jan - 2021","yk{#G!^dUY","85","Allen","MacGyver"
"169","Communications","30 - Apr - 2022","!w!HCG]P#&","34","Erik","Conroy"
"170","Operations","11 - Mar - 2021","c/Im|c(I/]","35","Bessie","Murphy"
"171","Web","1 - Aug - 2021","I^aa^}JFG\","33","Charlotte","Auer"
"172","Quality","6 - Jun - 2022","9L9iPlhWk^","66","Joann","Cole"
"173","Division","15 - Sep - 2021","xpH[jSJG""6","19","Antonia","Runolfsson"
"174","Marketing","15 - Jul - 2022","J,UI$c4z-6","04","Natasha","Schoen"
"175","Identity","25 - Mar - 2023","vA}9Aq2?i>","14","Pearl","Kutch"
"176","Communications","27 - Aug - 2024","7O7`Yc]:Np","83","Rhonda","Wehner"
"177","Communications","21 - Jan - 2024","+;'Lj0`Jc^","24","Antonia","Hettinger"
"178","Integration","2 - Oct - 2022",":vjK8^,'DI","66","Dawn","Ziemann"
"179","Accountability","24 - Feb - 2020","APfCoLD.7i","54","Guy","Rohan"
"180","Communications","15 - Mar - 2024","IDCQewQ8z1","02","Earl","Bruen"
"181","Metrics","15 - Dec - 2023","6W|qnkOz=d","70","Gina","Price"
"182","Directives","3 - Jun - 2021",";aXsIwze3$","63","Morris","Franecki"
"183","Tactics","17 - Feb - 2021","B.9[:W1S8g","59","Francis","Bahringer-Wiegand"
"184","Quality","8 - Jun - 2021","Enfx2548oD","14","Bernadette","Oberbrunner"
"185","Accounts","27 - Apr - 2021","mi%A<{01""f","31","Patti","Bailey"
"186","Functionality","9 - Jun - 2020",".\v[W4d!cU","92","Jay","Labadie"
"187","Usability","13 - Aug - 2023","LWaTCq""Nr@","85","Stella","Denesik"
"188","Metrics","8 - Apr - 2020","HBP&ov;is^","55","Winston","Dibbert"
"189","Creative","25 - May - 2021","8W(jC|`@""O","05","Kyle","Durgan"
"190","Group","1 - Apr - 2020","(t8KV}ECz&","29","Hope","Bayer"
"191","Metrics","22 - Jun - 2020","_cm4![P:;e","51","Bob","Runolfsson"
"192","Integration","10 - Dec - 2021","WN,hq\7tCI","64","Ismael","Sawayn"
"193","Mobility","1 - Sep - 2021","\wuGpedO_b","05","Bennie","Jacobson"
"194","Branding","4 - Aug - 2022","7|{C)GixiE","92","Charles","Altenwerth"
"195","Web","13 - Aug - 2022",":4$DQ[XzYU","09","Jasmine","Lang"
"196","Infrastructure","2 - Jul - 2021","hx}1E}Zl6j","21","Jeremy","Halvorson"
"197","Accountability","29 - May - 2023","{B5ILzr.[X","43","Franklin","Mosciski"
"198","Operations","12 - Sep - 2021",":i9*h}.[jd","86","Alison","Gleason"
"199","Operations","13 - Aug - 2022","2d3UoVvS%^","49","Gary","Heaney"
"200","Group","11 - May - 2020","uV!w.53{=j","74","Wendy","Stracke"
"201","Tactics","25 - Aug - 2024","X07Rm2xkRS","25","Chelsea","Smith"
"202","Security","16 - Jun - 2021","u%H=8_>M1`","35","Herbert","Wiza"
"203","Brand","13 - Apr - 2023","""IQ\YIW)=0","17","Frederick","Russel"
"204","Security","6 - Apr - 2024","Ve.4LL'!Cp","35","Jon","Leffler"
"205","Tactics","1 - Oct - 2020","v$QLJs'qCC","16","Melba","Johns"
"206","Directives","18 - Jan - 2021","\7M-trY$(Z","70","Teresa","Johnson"
"207","Identity","26 - May - 2021","fqcXns&0%!","29","Gail","Shanahan"
"208","Implementation","3 - Mar - 2020","kkh%C}$b1R","05","Martin","Olson"
"209","Response","18 - Aug - 2022","*b`=G=LdNr","78","Howard","Macejkovic"
"210","Division","12 - Oct - 2022","X;`*>k%d8Y","98","Alan","Zulauf"
"211","Factors","28 - Nov - 2022",">>B7,,nV5a","00","Randal","Rodriguez"
"212","Research","29 - Jan - 2020","-Z,%;=JlH[","46","Sean","Howe"
"213","Identity","6 - Mar - 2023","hAtM59Mfto","37","Dianne","Feest"
"214","Functionality","31 - Jan - 2023","}i:JjGr0U[","11","Shannon","Murphy"
"215","Integration","25 - Jan - 2020","uX<5skXnXG","45","Lana","Kassulke"
"216","Response","29 - Sep - 2022","Qc5m;!_pd^","95","Jeff","Lebsack"
"217","Research","19 - Aug - 2021","&>EUkZb9bL","45","Donnie","Mosciski"
"218","Interactions","25 - Aug - 2024","lDD/8jVjq^","60","Kristin","Stokes"
"219","Division","23 - Nov - 2021","Gi`i*Oos7T","23","Jana","Conn"
"220","Tactics","25 - Sep - 2021","DyebaoZXU-","89","Colin","Howe"
"221","Identity","2 - Aug - 2020","SvqRNK?m9&","05","Rene","Goldner"
"222","Metrics","17 - Apr - 2021","4jn9#a/I82","31","Courtney","Hickle"
"223","Brand","22 - May - 2021","f<npo^t.7k","42","Felipe","D'Amore"
"224","Quality","8 - Mar - 2020","XY/&P've%|","75","Doug","Funk"
"225","Identity","2 - Jan - 2021","5+qVEO?N.G","98","Shelia","Thiel"
"226","Integration","12 - Sep - 2024","K0WQVk}MK5","71","Lamar","Carter"
"227","Mobility","19 - May - 2021","$8-Gf$2$""a","17","Simon","Sawayn"
"228","Factors","7 - Aug - 2022","{]BqA,^-:X","97","Marc","Ritchie"
"229","Division","13 - Jun - 2024","pz^eaPA9t/","82","Calvin","Hoeger"
"230","Communications","5 - Jun - 2023",".oVHG[TgaL","07","Melinda","Bailey"
"231","Implementation","2 - Sep - 2021","OZ""Z3#44i,","46","Colleen","Boyer"
"232","Marketing","28 - Apr - 2023","6J<W7QQ[)k","21","Pat","Boyle"
"233","Security","9 - Mar - 2020","h/6xZ?_s-<","22","Angela","Collier"
"234","Identity","24 - Oct - 2020","E7d?8W_}-M","07","Mamie","Weissnat"
"235","Metrics","8 - Aug - 2024","l,{mqdIvSv","86","Betsy","Mitchell"
"236","Optimization","7 - Jun - 2021","U2>OT-!`WK","86","Latoya","Cummings"
"237","Configuration","8 - Jan - 2020","'?3N(f""Ksu","46","Felicia","Balistreri"
"238","Factors","19 - Apr - 2020","m$T{ha;Z`#","54","Cecilia","Lind"
"239","Mobility","18 - Jul - 2023",",&Mr!,I'E""","63","Dallas","Medhurst"
"240","Optimization","10 - Jan - 2021","ahtC08eCNr","32","Travis","Bartoletti"
"241","Program","28 - Jan - 2022","$?[3rcoZv.","32","Gerardo","Hermiston"
"242","Mobility","24 - Jun - 2023","R<&F&I}OM.","09","Raquel","Franey"
"243","Identity","20 - Jun - 2023","fEOR.>WK_t","85","Tara","Upton"
"244","Metrics","7 - Oct - 2024","z7Qs<VT>Im","58","David","Doyle"
"245","Assurance","13 - Jun - 2024","9+{n]*]$*Z","90","Melinda","Becker"
"246","Functionality","12 - Jun - 2022","z,99JIA&do","14","Alfonso","Parker"
"247","Response","5 - May - 2022","Xs),h!u}{h","94","Clarence","Rempel"
"248","Solutions","15 - Apr - 2024","xsCD>!X=AA","91","Heidi","Zieme"
"249","Implementation","29 - Aug - 2024","XB_Ux+ez(*","51","Janet","Sanford"
"250","Mobility","8 - Jan - 2020","!L'P0+g#>j","08","Manuel","Graham"
"251","Functionality","31 - Jan - 2023","i[QVTMnR9'","58","Christopher","O'Conner"
"252","Interactions","24 - May - 2024","^?aO#4!Bxr","64","Jean","Abshire"
"253","Data","9 - Apr - 2020","S(P\yQL>_T","64","Adrienne","Altenwerth"
"254","Tactics","18 - Feb - 2020","E8y_/$'G5a","77","Kerry","Dibbert"
"255","Applications","24 - Mar - 2020","&LFg*v]|If","30","Lynne","Breitenberg"
"256","Interactions","26 - Dec - 2022","^e#3\`pTVN","97","Sheryl","Walsh"
"257","Tactics","26 - Nov - 2023","zGEJ{|cEqA","65","Jose","Nolan"
"258","Research","28 - Jan - 2022","=EC""PEl*.>","66","Owen","Buckridge"
"259","Brand","19 - Dec - 2022","Wifi-!I%'i","50","Kristie","Boyle"
"260","Intranet","9 - Apr - 2021","w""4\[3Z1aS","75","Douglas","Larkin"
"261","Research","23 - Feb - 2020","%z""_?gs]|m","18","Lora","Kihn"
"262","Optimization","14 - Nov - 2022","\(3-kQCE#E","51","Caroline","Sawayn"
"263","Optimization","3 - Feb - 2021","mZ8:7+5s/Y","69","Kimberly","Lakin"
"264","Creative","19 - May - 2024","TGr&rKI0E:","41","Darrin","Jacobson"
"265","Metrics","22 - Jul - 2022","7EqAh]PNa9","99","Vivian","Rau"
"266","Group","6 - Jun - 2021","kNH'$<TiGz","47","Eva","Stracke"
"267","Accountability","21 - Feb - 2024","u\R}*b0/WL","85","Fred","Schowalter"
"268","Identity","16 - Dec - 2023","6,oka=9E(^","68","Paula","Bernhard"
"269","Response","15 - Jan - 2024",">pnRI_;{CW","41","Geraldine","Sporer"
"270","Accounts","21 - Mar - 2022",".`,mK@hX$9","17","Corey","Buckridge"
"271","Communications","3 - Aug - 2020","RInvHdjc;H","63","Kelli","Reichert"
"272","Web","10 - Apr - 2021","6JcO6i8VU4","83","Cheryl","Bergstrom"
"273","Integration","16 - Aug - 2020","V71v]`6D@U","68","Louis","Schaefer"
"274","Markets","14 - May - 2023","N@(Q@AZDz7","28","Mathew","Ratke"
"275","Markets","24 - Dec - 2020","roT\tn\4);","43","Allan","Klocko"
"276","Directives","18 - Sep - 2020","T1G?*lb8)>","29","Rodney","O'Reilly"
"277","Data","22 - Jan - 2022","VeUL<#9+Wf","40","Gabriel","Jenkins"
"278","Integration","30 - Jul - 2022","NTU1SvmzmG","27","Erica","Runolfsson"
"279","Research","22 - May - 2023","S4W]=GJ6-""","01","Patricia","O'Kon"
"280","Web","5 - Oct - 2024","+0v:%izN9A","65","Billie","Turcotte"
"281","Communications","1 - Aug - 2020","2<=0;:^:{]","82","Randolph","Thiel"
"282","Implementation","8 - Dec - 2023","2\T?R,k4ZI","70","Troy","Harris-Lakin"
"283","Intranet","26 - Jun - 2020","*p>!iRThhI","84","William","Bruen"
"284","Implementation","3 - Feb - 2020","#8?/6`xn?#","14","Fernando","Kassulke"
"285","Functionality","19 - Aug - 2022","n-*cwytM9:","95","Derek","Gottlieb"
"286","Intranet","13 - Mar - 2021","+8CuYE6FTJ","48","Alyssa","Ferry"
"287","Intranet","13 - Mar - 2023","8j3e?(AmwT","44","Max","Trantow"
"288","Web","9 - Nov - 2023","4R^{EJP%8'","75","Rosie","Weber"
"289","Security","10 - Apr - 2024","1mbT;cs`.}","48","Pam","Carroll"
"290","Optimization","4 - Jan - 2024","v)[)n^tnl4","21","Sonya","Roberts-Dach"
"291","Identity","5 - Aug - 2021","5(ZWD)NGD-","53","Susan","Bechtelar"
"292","Tactics","3 - Jul - 2020","{H>7a(f\Y%","88","Frederick","Graham"
"293","Configuration","3 - Feb - 2022","1y8XBS*HEE","10","Walter","Huels"
"294","Optimization","28 - Jun - 2022","E5N;kO060R","87","Luis","Kunde"
"295","Brand","12 - Jan - 2020","8g}kiNgLl}","55","Clifton","O'Reilly"
"296","Identity","20 - Oct - 2023","j[yflZ>W3!","18","Pauline","Kuvalis"
"297","Data","5 - Dec - 2022","Bg{3kH}""L""","73","Florence","Konopelski"
"298","Data","17 - Dec - 2020","?ONDfVQURT","71","Jeffery","Hyatt"
"299","Solutions","4 - Sep - 2020","1g|?@s*,f5","87","Jacqueline","Gulgowski"
"300","Response","16 - Jun - 2023","RB/?|C{'\]","25","Steven","Labadie"
"301","Identity","20 - Oct - 2022","tk;$w*o,-I","55","Brandy","Heaney"
"302","Operations","28 - Aug - 2021","zNI9G:ygN{","45","Simon","Huel"
"303","Solutions","22 - Aug - 2020","XDB#pJ8/Y0","53","Willie","Pollich"
"304","Program","21 - Jan - 2022",")A`f`RrSE!","47","Juanita","Greenholt"
"305","Configuration","1 - Dec - 2023","yUX6dXCJE1","80","Jeanne","Crist"
"306","Paradigm","21 - Nov - 2020","Bd*7v<S_o_","06","Neal","McDermott"
"307","Quality","11 - Sep - 2024","m""Q]km@0kE","98","Genevieve","Schneider"
"308","Metrics","1 - Feb - 2023","ipoUzI9'ki","25","Ross","Kuvalis"
"309","Accountability","19 - Aug - 2020","PsGkz4q1Gk","20","Gary","Wiza"
"310","Communications","9 - Dec - 2021","5Z6Z<Tq]H2","23","Don","Mohr"
"311","Optimization","4 - Jul - 2023","$LQwW?O=[@","88","Ginger","Witting"
"312","Configuration","28 - Oct - 2022","!')Po^2tv%","29","Ricky","Hauck"
"313","Implementation","10 - Jan - 2022","9gCngz[Suu","66","Alonzo","Klocko"
"314","Branding","19 - Jul - 2024","o5$l9kwnb}","65","Daisy","Boyer"
"315","Brand","23 - Aug - 2023","q,mb<d{Zb_","04","Robin","Leuschke"
"316","Tactics","13 - Nov - 2020","yDn3Ma[U;#","57","Roxanne","Schumm"
"317","Accountability","11 - Feb - 2021","j$*Tm&IXXj","86","Shannon","Haley"
"318","Assurance","5 - Sep - 2024","@BTD<I?&#<","13","Judith","Cronin"
"319","Usability","4 - May - 2024","_w=IWO\C[D","86","Jan","Hoppe"
"320","Solutions","28 - Feb - 2021","?!6S#OLTb\","72","Jermaine","Pollich"
"321","Marketing","25 - Feb - 2024","JvdQ_Y5h02","58","Amy","Kihn"
"322","Metrics","5 - Jun - 2021","se<HJ+Q6^\","11","Kellie","Gleason"
"323","Division","9 - Nov - 2022","X0,40()/cA","70","Gerald","Fadel"
"324","Marketing","25 - Feb - 2021","&3o/,Jj*D&","68","Casey","Hackett"
"325","Applications","22 - Jan - 2021","9H]h8QRz|(","41","Andy","Hartmann"
"326","Operations","4 - Apr - 2021","W7""wDa:Cjj","78","Whitney","Zulauf"
"327","Optimization","13 - Apr - 2023","(LQNF'""lTE","03","Wendy","Metz"
"328","Metrics","29 - Jun - 2023","R<l8zd5g%+","61","Eula","Hegmann"
"329","Marketing","8 - Oct - 2024","ty':DL""[6_","12","Milton","Keeling"
"330","Research","11 - Jun - 2022","[+V-Gx`H+R","41","Meghan","Osinski"
"331","Configuration","1 - Oct - 2020","yhn89Ach*'","80","Dominick","Dach"
"332","Research","19 - Jul - 2020","V4DDy]VGt@","84","Patsy","Hackett"
"333","Division","25 - Mar - 2023",",Ed+,\dlvb","20","Rene","Harris-Hagenes"
"334","Communications","7 - Feb - 2020","5Ko7>;;*+g","97","Toby","Watsica"
"335","Program","10 - Aug - 2024","^_V3x1gbY2","03","Patty","Boyer"
"336","Group","25 - Jan - 2021","V\CohDJ.Ir","18","Samantha","Marvin"
"337","Integration","21 - May - 2023","?^jx>o""4_k","61","Victor","Von"
"338","Implementation","25 - Jul - 2022","eDYDkZolGa","50","Isabel","Durgan"
"339","Quality","12 - Nov - 2021","JVk`]&=qdi","73","Bessie","Douglas"
"340","Integration","28 - Sep - 2023","7C;Z`?irTG","09","Jermaine","Wyman"
"341","Factors","4 - Sep - 2023","eJM;2x|3yM","11","Shawna","Keeling"
"342","Mobility","28 - Dec - 2021","dJbuq;96`^","33","Walter","Cummerata"
"343","Creative","2 - May - 2024","^jE#/EgN1f","34","Derek","Thiel"
"344","Integration","3 - Aug - 2023","(HQuKaLy#'","55","Edmond","Smitham"
"345","Marketing","9 - Apr - 2023","xRvwq8@2/0","60","Sandy","Willms"
"346","Metrics","18 - Sep - 2024",">yz0fo3Nh$","84","Joanna","Klocko"
"347","Tactics","3 - Aug - 2021","W4E:@c|qre","40","Grant","Reichel"
"348","Quality","4 - Oct - 2021","2AqT*@1*{T","97","Rudy","Klein-Jaskolski"
"349","Implementation","21 - Jun - 2021","8RN$C{7B-Q","85","Loren","Monahan"
"350","Communications","28 - Feb - 2023","#TLU.'5F0x","53","Colin","Vandervort-Buckridge"
"351","Division","11 - Jan - 2024","|7dqQ=0sLQ","42","Rene","Vandervort"
"352","Accounts","23 - Apr - 2021","/&sJb]wmIa","29","Darren","Braun"
"353","Infrastructure","16 - Mar - 2021","AX^.5_O_q(","70","Alberto","Kshlerin"
"354","Operations","19 - May - 2023","9uk^:mw@{-","81","Jordan","Gislason"
"355","Infrastructure","23 - Apr - 2024","QR|20`wlg7","97","Leo","White"
"356","Division","11 - Jan - 2020",";5c:V&gT8\","94","Julio","Goyette"
"357","Tactics","29 - Jul - 2024","gHfL&;sHV""","29","Nettie","Runolfsson"
"358","Markets","24 - Nov - 2021","-7-;hGHP|0","33","Tracy","Koepp"
"359","Security","17 - Jun - 2022","%pN1P^@Zah","19","Micheal","Daniel"
"360","Configuration","2 - Mar - 2023","AOl=S3O_Q?","18","Lindsay","McClure"
"361","Branding","13 - Jan - 2020","@GEk)HqM]/","80","Minnie","Jenkins"
"362","Response","3 - Jul - 2024","|8Ixw|-b*m","83","Minnie","Reinger-Grady"
"363","Security","29 - Nov - 2020","(A|lncOBOl","35","Floyd","Grant"
"364","Paradigm","8 - Jul - 2021","z3No>V8(Q-","68","Samuel","Murray"
"365","Operations","9 - Jun - 2021","zr7JNEGf%B","14","Angela","Kuhn"
"366","Factors","8 - Jun - 2020","1>K.bry^fu","69","Tom","Zboncak"
"367","Factors","16 - Sep - 2021","zt^Y8{g`d_","02","Clarence","D'Amore"
"368","Accounts","31 - May - 2022","Wc}+v^tY[<","93","Jeffery","Waters"
"369","Mobility","24 - May - 2022","{D}|Gkhf_R","77","Nick","Barton"
"370","Assurance","6 - May - 2021","#rB(lN^Zcn","77","Van","Konopelski"
"371","Directives","14 - Feb - 2021","p+U^5Z5uh.","57","Toni","Robel"
"372","Configuration","15 - Apr - 2021","V5Xsfz!4)d","70","Tami","Abbott"
"373","Assurance","2 - Apr - 2020","n<a6\ogm`8","42","Darnell","Bradtke"
"374","Brand","21 - May - 2024","3}3P([M4i-","90","Lucy","Dickinson"
"375","Usability","30 - May - 2021","B}C7#88LmA","39","Stephanie","Turner"
"376","Creative","30 - Aug - 2024","G41D|6z_\:","34","Patty","Bartell"
"377","Solutions","12 - Jul - 2023","+ax1@7vM8v","13","Orlando","Mante"
"378","Research","31 - Jan - 2024","t[!]&Ca'6$","87","Clark","Ankunding"
"379","Brand","24 - Oct - 2023","5@R9UE@GT2","29","Kellie","Ratke"
"380","Security","22 - Jun - 2020","@Unvp@D_23","08","Tyler","Nolan"
"381","Integration","20 - Jan - 2023","<Q,,rp>]!X","93","Cornelius","Walsh"
"382","Group","15 - Feb - 2023","D'cM0yf@q-","64","Audrey","Sawayn"
"383","Group","19 - Dec - 2023","[^3Xv7&}6r","31","Leon","Walter"
"384","Quality","1 - Nov - 2023","BJ=NQY+syT","67","Erica","Franecki"
"385","Infrastructure","25 - Nov - 2021","kO-Y(bc9&E","16","Isaac","Hackett"
"386","Branding","12 - Jul - 2022","'])XSRWgeq","59","Gertrude","Bosco"
"387","Branding","24 - Jun - 2022","5yWVl6|5o+","73","Leo","Hegmann"
"388","Branding","17 - Feb - 2023","%WAkb@$-]-","31","Francisco","Rolfson"
"389","Data","11 - Oct - 2020","+y5L:/Nb,$","82","Geneva","Bailey"
"390","Division","21 - Dec - 2021","4mWZSkB<kS","00","Olive","Upton-Greenholt"
"391","Implementation","28 - May - 2024","ZosMd[|c<n","35","Lori","Breitenberg"
"392","Infrastructure","6 - Oct - 2024","EX1T)YTH;t","37","Adam","Lang"
"393","Web","19 - Jan - 2024","ExG>w*m)RJ","39","Jasmine","Howe-Mante"
"394","Branding","26 - Mar - 2024",">d-,3P-xU]","53","Toni","Gutkowski"
"395","Markets","9 - Jul - 2024","Zw['O->nY`","89","Annette","Jones"
"396","Response","11 - Jul - 2022","j`\44Cli,g","09","Ramon","Botsford"
"397","Configuration","2 - Nov - 2023",",tk""\H&hFv","12","Clay","Howe"
"398","Mobility","21 - Sep - 2021","YU*28i?!C-","67","Chris","Heidenreich-Grimes"
"399","Applications","18 - May - 2022","o\{1a6Tk,2","99","Thelma","Parisian"
"400","Group","12 - Sep - 2023","]Pv/Z=YJV%","60","Julia","Johns"
"401","Division","30 - Apr - 2022","kg0PvzCN7k","08","Leslie","Armstrong"
"402","Directives","6 - Apr - 2021","wG{ep{s@{N","61","Johnny","Funk-Lemke"
"403","Functionality","11 - Feb - 2023","Y)-V*siWrG","17","Merle","Nienow"
"404","Configuration","26 - Jun - 2021","O<|xfl1Y&q","64","Tracy","Bode"
"405","Integration","2 - May - 2022","X'W2X?dP?H","54","Krystal","Rempel"
"406","Quality","10 - Oct - 2021","-^\daUGaK>","99","Rufus","Langworth"
"407","Infrastructure","6 - Jan - 2022","}SA!stWbW4","70","Sammy","Kemmer"
"408","Integration","9 - Mar - 2022","`k,RK9jlHN","48","Sean","Prosacco"
"409","Operations","22 - Feb - 2020","oud7/+V/:7","90","Ken","McDermott"
"410","Tactics","1 - Feb - 2024","HdES2nm!8>","50","Hope","Homenick"
"411","Configuration","5 - Oct - 2020","Qm_FGZmjQr","78","Margie","Senger"
"412","Research","24 - Mar - 2021","bBG6gvH>Am","16","Bobbie","Reynolds"
"413","Response","11 - Sep - 2024","!Q((`c7UY}","18","Wanda","Konopelski"
"414","Paradigm","26 - Aug - 2020","/q-7z7=4:0","08","Cassandra","Stokes"
"415","Data","30 - Dec - 2020","pP{>=UT^4o","38","Judy","Jacobs"
"416","Metrics","27 - Jun - 2022","73bqZ|U#T.","77","Stacey","Wyman"
"417","Data","13 - Oct - 2024","-6ZjSegzcl","92","Kristopher","Lynch"
"418","Functionality","27 - Sep - 2021","gOy((E@Wtk","21","Kenny","Cummings"
"419","Operations","8 - Jul - 2024","41;mUV^:Sz","66","Rosa","Pouros"
"420","Creative","20 - Jan - 2020","ge2A,5B%|d","19","Damon","Fay"
"421","Research","2 - Nov - 2023","Znb=Q']R+m","20","Ebony","Klocko"
"422","Factors","5 - Apr - 2022","[Z%Rfiwk@g","39","Grace","Schaefer"
"423","Implementation","12 - Aug - 2020","=;tV[LE-Io","46","Teri","Jones"
"424","Applications","27 - Jul - 2024","CS_19_YI>Q","26","Frederick","Morissette"
"425","Usability","4 - Mar - 2023","b-f4Z$Dvm=","49","Krista","Denesik-Hartmann"
"426","Identity","11 - Feb - 2024","v&OD1lmhD'","46","Alonzo","Franey"
"427","Group","2 - Sep - 2022","GGxVN6C93X","71","Alfred","O'Keefe"
"428","Markets","10 - Jul - 2023",".f9T>4gOIs","15","Norman","Smitham"
"429","Optimization","21 - Feb - 2020","k,Gy$A&m`8","77","Tracy","Schmidt"
"430","Functionality","1 - Feb - 2024","RoesRDdJ7[","65","Sheila","Yost"
"431","Integration","7 - Dec - 2021","+_;QmmK=!`","42","Vanessa","Tremblay"
"432","Brand","15 - Nov - 2020","?_I1Jre,:#","16","Jake","Ward"
"433","Accounts","8 - Aug - 2022","7]B/6J+`iX","45","Angelo","Mante"
"434","Division","9 - Feb - 2023","E9dh\qlvrp","93","Louis","Gleason"
"435","Configuration","7 - Jul - 2022","&4>*IE\`kA","74","Jeanette","Wiza"
"436","Branding","10 - Dec - 2022","fKd7`I=-}#","94","Owen","Fadel"
"437","Research","7 - Nov - 2021","i1F({MHOK_","75","Micheal","Lindgren"
"438","Implementation","26 - Apr - 2021","+6[onN<TZI","18","Annie","Douglas"
"439","Intranet","11 - Sep - 2023","zwXt>OmPv\","80","Vera","Haag"
"440","Solutions","10 - Dec - 2023","C5'>$V^Q.y","21","Marjorie","Mills"
"441","Division","29 - Jan - 2021","a>YHqBb|so","05","Roxanne","Block"
"442","Applications","3 - Apr - 2023","x<a?Sj>36p","98","Garrett","Morar"
"443","Web","28 - Oct - 2021","zXp[l?+gLR","96","Sharon","Bins"
"444","Configuration","8 - Jun - 2020","C7D4\4f(1q","84","James","Ondricka"
"445","Accountability","16 - Feb - 2024","I)x2.wv@Dz","28","Beatrice","McKenzie"
"446","Metrics","20 - Oct - 2022","NX8T_>Fh]G","00","Jill","Lowe"
"447","Interactions","15 - Oct - 2020","a?v^0-NVPc","22","Meghan","Krajcik"
"448","Program","11 - Jul - 2024","`U<ui?xS08","31","Nelson","Carroll"
"449","Intranet","2 - Mar - 2024","=CHFhNxCwy","33","Amber","Murray"
"450","Applications","3 - Apr - 2024","NPuef#>$wo","16","Lila","O'Conner"
"451","Integration","2 - Apr - 2021","}NfAtt<*p<","19","Kendra","Larkin"
"452","Accounts","6 - May - 2020","a|AL`3fPS+","74","Shannon","Hyatt"
"453","Metrics","5 - Feb - 2024","Qw@gk#4!!G","87","Gwendolyn","Farrell"
"454","Applications","20 - Jun - 2024","5^QN3KN4'e","91","Daisy","Koch"
"455","Marketing","23 - Feb - 2023","9]sn42'?wJ","34","Kenneth","Jast"
"456","Security","23 - Mar - 2024","aa<?s3,*nU","62","Robyn","Zboncak"
"457","Group","24 - Oct - 2021","C9v:2Ex&`j","96","Kelly","Kshlerin-Wuckert"
"458","Brand","14 - Feb - 2023","@75eZjVwjj","90","Raquel","Watsica-Luettgen"
"459","Quality","1 - Aug - 2020","ax6`DP:mPe","71","Candice","Mayer"
"460","Branding","6 - May - 2020","\8,JYId&(4","98","Cecilia","Romaguera"
"461","Creative","8 - Aug - 2022","WO'nsT;W(a","13","Maurice","Legros"
"462","Factors","31 - Jul - 2021","J0%+bUBpZ!","23","Delbert","Bartoletti"
"463","Marketing","14 - Jul - 2022","5Ip=EBD7^@","68","Alonzo","Stiedemann"
"464","Branding","27 - Nov - 2020","3$Z=\%]ETH","07","Willard","Johns"
"465","Accounts","11 - Nov - 2022","o[NzjPY$3'","91","Dianna","Schmeler"
"466","Directives","30 - Nov - 2021","Q""C&yTE#So","63","Gordon","Huel"
"467","Configuration","7 - May - 2023",">N;rLJ.}Y&","18","Pablo","Green"
"468","Usability","17 - Sep - 2022","LM/\:l6K/d","49","Amos","Witting"
"469","Optimization","3 - Feb - 2020","r/!zt+n%z(","51","Cary","Medhurst"
"470","Mobility","5 - Feb - 2020","3]3<M0v{Iy","97","Elizabeth","Murray"
"471","Factors","11 - Nov - 2023","1`=d7Qh=%N","29","Andres","Paucek"
"472","Factors","19 - Oct - 2022",",y.P|v'$_\","19","Fredrick","Rosenbaum"
"473","Configuration","14 - Oct - 2024",")1$>7/Ky&o","37","Andre","Keebler"
"474","Creative","3 - Dec - 2021",",>nA/2wS9f","60","Juanita","Gottlieb"
"475","Solutions","26 - May - 2022","U[lz!hE.Un","92","Shaun","Champlin"
"476","Program","3 - Sep - 2024","2(RX#^??ws","58","Camille","Corkery"
"477","Identity","3 - Oct - 2021","_Kx]t$;IZy","64","Seth","Schimmel"
"478","Integration","21 - Mar - 2020","4c!LJpm4hF","79","Lorenzo","Hegmann"
"479","Marketing","31 - Jul - 2021","'_n),P>,Yd","94","Lynn","Braun"
"480","Markets","17 - Jan - 2023","{kHz+shD'C","84","Arnold","Yost"
"481","Optimization","13 - Aug - 2020","uHj%sgw,bm","43","Herbert","Paucek"
"482","Data","29 - Oct - 2023","KwC}JSbGU=","36","Audrey","Lockman"
"483","Mobility","19 - Jun - 2023","CTv@N'M:(3","91","Genevieve","Grant"
"484","Factors","28 - Feb - 2020","ic)e.p(.tW","56","Diane","Wolf"
"485","Communications","19 - Aug - 2020","L9-h-k3\;L","32","Kevin","Champlin"
"486","Accounts","10 - Nov - 2020","<W#C+,8^Bt","02","Nicolas","Zulauf"
"487","Usability","29 - Feb - 2024","5CpRzy/c9k","43","Jennifer","Hickle"
"488","Quality","21 - Jan - 2024","C%KP:z$#b'","95","Cassandra","Rempel"
"489","Configuration","26 - Jun - 2024","K)*eq(Hidk","04","Kyle","Nader"
"490","Infrastructure","1 - Jan - 2021","w:s=G$^;Fg","13","Jeremy","Schaefer"
"491","Intranet","11 - Apr - 2022","+/q5b9dzE'","52","Willis","Prohaska"
"492","Assurance","19 - Jul - 2022","\0L&;M{YTg","10","April","Bernhard"
"493","Web","19 - Dec - 2021","1*Iq(15XNO","83","Oscar","Gerlach"
"494","Directives","22 - Mar - 2022","SlIvjFB4G@","63","Clay","Hirthe-Cruickshank"
"495","Branding","14 - Mar - 2021","u3Y^58@6Tk","21","Deborah","Auer"
"496","Assurance","9 - Jun - 2020","x*]l8yDU]f","06","Angel","Herman"
"497","Factors","24 - Sep - 2021","x-/:yhY{;H","37","Jimmie","Jerde"
"498","Assurance","21 - Apr - 2022","5I,[anzG6V","52","Harvey","Kreiger"
"499","Accountability","4 - Dec - 2022","8,D3HTf@w5","30","Ruby","Lakin"
"500","Metrics","11 - Sep - 2023","jp15vAgsO:","09","Rodney","Bogisich"
"501","Branding","23 - Jul - 2021","$4pF!}&'kO","32","Owen","Windler"
"502","Branding","4 - Mar - 2023","ZNkJy6e8'{","72","Vivian","Langosh"
"503","Research","7 - Apr - 2023","kjrF7$,Ae#","90","Heather","Rice"
"504","Infrastructure","13 - Feb - 2022","qBT95%Z1gO","97","Erik","Cummings"
"505","Infrastructure","31 - Dec - 2021","3EC!xAo:av","87","Wilma","Kihn"
"506","Intranet","18 - Mar - 2024","N/Ti3mh0_b","98","Tom","Hayes"
"507","Research","2 - Aug - 2022","3y21L3f'tL","35","Edith","McDermott"
"508","Accountability","3 - Oct - 2022","I$q`?b]HtV","06","Rose","King"
"509","Division","8 - Feb - 2023","e\a6d'FyqY","97","Bert","Yundt"
"510","Identity","6 - Dec - 2022","zKa\HRj^zl","50","Brooke","Waters"
"511","Research","13 - Aug - 2020","0<wAgf^/|T","36","Louis","McClure"
"512","Solutions","1 - May - 2020","ySpdvVmhO9","67","Ramiro","Feeney"
"513","Intranet","17 - Aug - 2020","OISs'gWL{y","92","Eva","Reichert"
"514","Intranet","1 - Jun - 2020","N@@DkE,y7[","82","Carlos","Smitham"
"515","Interactions","25 - Oct - 2022","EQ`*V)z|O?","64","Eula","Herzog"
"516","Communications","7 - May - 2023",")|nU>3wcvZ","23","Ron","Adams"
"517","Group","22 - May - 2023","r7?>6[D&I?","32","Blanca","Hermiston"
"518","Directives","10 - Apr - 2024","l26J;gv%4r","50","Vicky","Rogahn"
"519","Web","17 - Feb - 2020","|$$cm6F)u6","72","Andy","Wolff"
"520","Marketing","10 - Oct - 2020","/,cns#m=$P","20","Darla","Brakus"
"521","Operations","16 - Nov - 2023","t@OA?kT@XZ","64","Karen","Haley"
"522","Operations","28 - Mar - 2022","uu@^H.azqa","35","Felicia","Toy"
"523","Research","29 - Nov - 2023","&dH`1x5T6n","92","Owen","Koepp"
"524","Configuration","9 - Jun - 2021","y/VDZ$g?cd","90","Andrea","Lynch-Mann"
"525","Interactions","23 - Apr - 2024","W)@Q$:)x0.","59","Geoffrey","Effertz"
"526","Group","1 - Mar - 2022",",p4XQ',=](","77","Jessica","Zulauf"
"527","Interactions","27 - Jun - 2020","I]BJmGA|g$","03","Otis","Botsford"
"528","Web","26 - Jan - 2023","fF4r4"":z?c","36","Fernando","Weber"
"529","Security","7 - Jul - 2020","2v=J^vZPBq","92","Tim","Stiedemann"
"530","Infrastructure","5 - Apr - 2023",",)jz\DxAa/","25","Anita","Tremblay"
"531","Data","2 - Jan - 2020","yH;""-bA]<[","57","Rodney","Bernier"
"532","Accountability","19 - May - 2020","q?DqTxf\tw","92","Cathy","Strosin"
"533","Creative","3 - Jan - 2022","9;Wfg/w@T8","93","Jaime","Collier"
"534","Research","28 - Apr - 2021",">E^C`GCHzx","21","Abraham","Jacobi"
"535","Configuration","11 - Jul - 2024","Q4`QX;L>Z[","25","Deanna","Pacocha"
"536","Optimization","7 - Mar - 2021","`Y<VZdY.\s","60","Ernestine","O'Connell"
"537","Web","2 - Nov - 2023","!]>z/w?NqE","56","Rene","Nienow"
"538","Branding","7 - Jul - 2022","8iTJ_]jI93","68","Craig","Smith"
"539","Quality","26 - Mar - 2020","/q;@v#Z*:t","68","Elsa","Bergstrom"
"540","Accounts","11 - Jan - 2024","}*C`b#f=$4","90","Guillermo","Conroy"
"541","Response","2 - Jul - 2023","c2=1,v-JyC","02","Isaac","Shields-Rowe"
"542","Branding","12 - Jan - 2021","\,Smpr4-TC","69","Lawrence","Gibson"
"543","Mobility","27 - Jan - 2023","p%a<Dq>[e[","60","Shawn","Bernhard"
"544","Directives","2 - Aug - 2022","BNEXmT^%},","38","Ken","Kovacek"
"545","Markets","17 - Jun - 2023","`^5xJoz@##","63","Kristine","Ortiz"
"546","Metrics","1 - Feb - 2023","C5>s!B.!d`","03","Peggy","Langosh"
"547","Applications","10 - Jul - 2020","YS@@FQ/[\a","10","Marianne","Cummerata-Jerde"
"548","Web","11 - Sep - 2020","#.3bSoeU^;","96","Cameron","Wisozk"
"549","Integration","10 - Mar - 2024","3]C;G/WHqQ","09","Beth","Glover"
"550","Implementation","21 - Sep - 2023","=}B&i*O?4U","13","Shannon","Okuneva"
"551","Marketing","10 - Mar - 2022","|i[yW_G@4.","54","Bernard","Boehm"
"552","Configuration","7 - Feb - 2022","90>hh-x[4L","33","Edmond","Ullrich"
"553","Web","1 - Dec - 2022","(9`%LeuQ,J","01","Jim","King"
"554","Accounts","21 - Jan - 2024","0tmBG2u?^:","26","Cheryl","Keeling"
"555","Operations","13 - Feb - 2024","WtAq|.EV?,","02","Laura","Beahan"
"556","Branding","22 - Oct - 2022","-z6J4KVE<S","27","Gilbert","Erdman"
"557","Assurance","13 - Apr - 2024","ah/#L4=`xn","47","Santiago","Corwin"
"558","Infrastructure","26 - Feb - 2022","%\fBHDh_dH","45","Teresa","Hammes"
"559","Creative","24 - Jun - 2022","moTe!H)h&]","35","Dominick","Cremin"
"560","Implementation","13 - Mar - 2020","Rv""3m/z{Yl","23","Eugene","VonRueden"
"561","Applications","1 - Oct - 2021","F[tp3WohkI","58","Elmer","Dach"
"562","Configuration","12 - Sep - 2023","J|b`<0=/%$","03","Lula","Kozey"
"563","Mobility","3 - Jun - 2020",",IukgA'[p(","57","Jeanne","Kovacek-Trantow"
"564","Factors","31 - Jan - 2024","a6bT*=;AZ0","47","Ramona","Cruickshank"
"565","Accountability","24 - Jan - 2024","}_Y""0+Yn>*","76","Rachel","Gerlach"
"566","Metrics","25 - Feb - 2023","Pz/MYM82jC","31","Erika","Breitenberg"
"567","Branding","25 - Jul - 2022","O}#>KH{<=D","36","Fannie","Dickinson"
"568","Integration","10 - Jul - 2021","#ccF,2_cGg","38","Pat","Shields"
"569","Usability","4 - Jan - 2023","1""O6uN#3+g","24","Belinda","Frami"
"570","Directives","5 - Aug - 2022","""i^eu\8b%Y","77","Bryant","Little"
"571","Branding","5 - Dec - 2020",">zT<S)miLT","81","Hope","Mills"
"572","Optimization","26 - Jul - 2023","$Rkha{z^4%","49","Tracy","Conroy"
"573","Interactions","24 - Jan - 2022","qZXY8R6}xE","78","Darla","Nader"
"574","Functionality","21 - Jun - 2021","5z|P<::=1$","20","Ellis","MacGyver"
"575","Program","5 - Jan - 2020","t{f*oX!+:<","44","Patty","Cassin"
"576","Metrics","23 - Jan - 2024","z([{4(%5,E","25","Ira","Veum"
"577","Research","12 - Feb - 2021","Qw]Dnc[N#Z","10","Bertha","Kerluke"
"578","Quality","3 - Mar - 2020","E]iK#Q^_X!","26","Monica","Frami"
"579","Tactics","20 - Oct - 2022","19l)zhfq?K","73","Cornelius","Hartmann"
"580","Identity","10 - Jan - 2021","|u4""V7@{hn","28","Lorenzo","Schuster"
"581","Accounts","27 - Aug - 2021","CNb(Xtgyt?","55","Wilbert","Hermiston"
"582","Response","1 - Oct - 2023","2$5-?^/SQC","41","Bobbie","Walker"
"583","Mobility","21 - Dec - 2021","khCx.lAD53","46","Miranda","Gleichner"
"584","Solutions","17 - Oct - 2021","*!pps^iaj?","75","Antonio","Fahey"
"585","Accountability","27 - Dec - 2020","yM5`Rc<DPP","31","Ron","Cole"
"586","Data","6 - Jul - 2021","!;>yuIe)}""","25","Francisco","Goodwin"
"587","Division","27 - Mar - 2024",")O(aTQ6G>_","07","Jeanne","Metz"
"588","Infrastructure","15 - Jun - 2024","o:K6'<ilu=","64","Beatrice","Shanahan"
"589","Branding","30 - Dec - 2022",":(=8VTsvA8","48","Laurence","Hudson"
"590","Metrics","26 - Jan - 2023","_#Y]{W""S<4","04","Sheila","Carter-O'Connell"
"591","Solutions","30 - Jan - 2023","oU3)|FZX\8","36","Patricia","Conroy"
"592","Solutions","11 - Dec - 2023","5/<NQI8,}%","83","Gregg","Kihn"
"593","Markets","19 - Jun - 2021","dv*Qd?y\""^","46","Merle","Friesen"
"594","Accountability","17 - Feb - 2024","bIz)g:`2p?","02","Lee","Blick"
"595","Quality","31 - May - 2021","%E+=JVHvb+","81","Melba","King"
"596","Intranet","8 - Sep - 2023","_1}:`XSdUv","00","Margaret","Maggio"
"597","Infrastructure","24 - May - 2022","I%R;;OmY+Y","37","Ben","Boyer"
"598","Implementation","6 - Jan - 2023","H%IZywXKT;","05","Marsha","Pfeffer"
"599","Solutions","27 - Mar - 2020","'H9;JRD?9D","10","Oscar","Rosenbaum"
"600","Infrastructure","14 - Jan - 2020","}r]t""JOo,f","80","Geneva","Durgan"
"601","Research","15 - Jun - 2020","!uX6g+VtYN","36","Bernice","Towne"
"602","Branding","14 - Jun - 2020","U""YjE#HeJ]","15","Lorraine","Steuber"
"603","Research","20 - Feb - 2023",".}n1VW(C8D","42","Marcella","Morar"
"604","Metrics","8 - Mar - 2022","'HWf""x-nt2","54","Billy","Nader"
"605","Applications","30 - Sep - 2021","*-X{yzvgwG","40","Pauline","Shanahan"
"606","Tactics","9 - May - 2024","YshK@biLR.","08","Lana","Raynor"
"607","Identity","26 - May - 2022","1>2mZKCh(O","02","Jeremiah","VonRueden"
"608","Response","31 - Dec - 2023","09wW^)&u2l","91","Jan","Little"
"609","Implementation","28 - Dec - 2022","zal'qU(iPE","68","Peggy","White"
"610","Infrastructure","11 - Aug - 2020","MiFA}F#$'`","44","Kristen","Kuhn"
"611","Factors","22 - Jul - 2022","+yP\=]eSp>","17","Deborah","Beier"
"612","Applications","1 - Sep - 2023","!xWOtDlu=i","91","Ruben","Ledner"
"613","Response","30 - Aug - 2024","[<xLJjc5i]","65","Ben","Collier"
"614","Program","6 - Jul - 2024","1+7$/JE)5\","41","Josephine","Larson"
"615","Division","16 - Aug - 2022","9ydGz+O8X8","99","Arnold","Marvin"
"616","Research","11 - Sep - 2022","qP5f+ewWpB","50","Marco","Schowalter"
"617","Tactics","6 - Mar - 2022","kFNfCT$)q+","23","Al","Effertz"
"618","Solutions","16 - May - 2020","}BQ$59qmH9","91","Tyler","Bosco"
"619","Assurance","5 - Mar - 2021","_jm2lS?sZq","34","Sandra","Prohaska"
"620","Accountability","9 - Apr - 2024","l[k}$bU_g}","91","Lowell","Beahan"
"621","Paradigm","30 - Aug - 2021",";xwUA-[o!r","61","Cody","Wunsch"
"622","Branding","11 - Jan - 2023","I=EE1,G{L:","71","Alfonso","Smitham"
"623","Security","9 - Feb - 2024","cDWH$REmVl","39","Hope","Kautzer"
"624","Solutions","29 - Jun - 2023","oO`?_2OCFl","45","Teri","Corkery"
"625","Response","1 - May - 2024","$ddDlI+S'f","20","Peggy","D'Amore"
"626","Group","20 - Feb - 2022","4H\t!e!$Xo","22","Stewart","Heidenreich-Beier"
"627","Accountability","2 - Dec - 2020","S$RtOSLKdj","36","Phyllis","Carter"
"628","Assurance","15 - Mar - 2021","d{N}""-qa?K","89","Heidi","Crooks"
"629","Web","20 - Sep - 2022","($z(LCUq`p","53","Paul","Emard"
"630","Quality","9 - Nov - 2022","j8PH?B\+eL","62","Clifford","Jaskolski"
"631","Data","13 - Nov - 2023","e3|t=rY{3n","29","Amelia","Bayer"
"632","Accounts","24 - Jan - 2022","kk5Z<.o/Z(","72","Eloise","O'Hara"
"633","Solutions","1 - Jun - 2023","[8;*>h{%""H","96","Alma","Johnson"
"634","Solutions","4 - Sep - 2023","EVS%WcJA,s","89","Sherri","Lynch"
"635","Integration","8 - Mar - 2022","48$UM5Acb$","74","Leonard","Brown-Muller"
"636","Marketing","24 - May - 2023","Sw!VM=E\E\","75","Trevor","Franecki"
"637","Identity","17 - Nov - 2023","?3T=Cs}Lss","26","Lloyd","Kunze"
"638","Implementation","8 - Jan - 2020","-KAzw9[Z*W","64","Johnnie","Torphy"
"639","Accountability","3 - Apr - 2021","(eevs@AVWZ","93","Kim","Bins"
"640","Intranet","9 - Feb - 2024","P:lI_Hvf[^","49","Fred","Romaguera"
"641","Identity","21 - Jul - 2023","I1uypV$Aq^","10","Adrian","Boyle"
"642","Optimization","25 - Dec - 2021","#bpE#\P5#7","57","Kristen","Romaguera"
"643","Security","2 - Feb - 2021","-UbY^bXOrD","81","April","Sauer"
"644","Factors","20 - Dec - 2020","BkREyd}ycr","04","Glenn","Little"
"645","Applications","17 - Apr - 2024","@k4W,M9kN5","63","Silvia","Goyette"
"646","Branding","1 - Dec - 2022","$i+-[}""(2f","47","Jeremy","Yundt"
"647","Integration","26 - Mar - 2020","Y77UPXEST2","70","Caroline","Johnson"
"648","Marketing","9 - Oct - 2022","qw'>'SU.]^","38","Meredith","Padberg"
"649","Directives","1 - Jan - 2024",";[d$Ol\$.T","75","Pedro","Feil"
"650","Usability","9 - Aug - 2024","nBpEkFK""PC","52","Velma","Zboncak"
"651","Intranet","8 - Mar - 2023","D^[\4-)E?F","64","Roger","Lubowitz"
"652","Response","29 - Sep - 2021","mEMx}?*B&{","72","Kyle","Gulgowski"
"653","Data","2 - Dec - 2023","|UK8!M[WW|","41","Dolores","Quigley"
"654","Usability","20 - Jan - 2022","1D;BA)F/&Y","47","Sara","Konopelski"
"655","Intranet","18 - May - 2024","PzV21f(WL!","42","Jose","Hayes"
"656","Implementation","25 - Aug - 2024","<k$<+?'1kB","64","Tom","Langosh"
"657","Assurance","9 - Jun - 2024","4J[0""<n91[","81","Gerard","Shields"
"658","Functionality","13 - Aug - 2021",">&J=3\g3cJ","29","Armando","Steuber"
"659","Accountability","2 - Oct - 2022","EGbJ[;NUFB","80","Deborah","Pfeffer"
"660","Communications","29 - Sep - 2024",")%N^d?820P","84","Gregory","Dare"
"661","Marketing","5 - Jul - 2020","((H/_jH%[8","39","Edwin","Predovic"
"662","Implementation","17 - Feb - 2024","*?p>.y7'+>","42","Kate","Aufderhar"
"663","Accounts","20 - Jul - 2023","xTLXJTLDPr","80","Ida","Price"
"664","Paradigm","24 - Jun - 2021","!cZ[l}8A""p","67","Lora","Hudson-Lesch"
"665","Functionality","3 - Nov - 2023","D3'z6m)mEW","83","Walter","Hoppe"
"666","Infrastructure","5 - Jan - 2020","hCaLUrt+n@","35","Nicolas","Jenkins"
"667","Usability","12 - Feb - 2022","i17Lmx[*=?","73","Winston","Halvorson"
"668","Group","10 - Sep - 2023","8cLdC4VkOF","25","Lorena","Klocko"
"669","Markets","27 - Jun - 2021","Vpa\9DibRk","08","Cecil","Kessler"
"670","Functionality","14 - Dec - 2022","mIg$YPzUJD","11","Tyler","MacGyver"
"671","Optimization","14 - Sep - 2021",".s(h]|m)-=","62","Roy","Mueller"
"672","Security","10 - Jun - 2024","V5[3!A_V\X","13","Ron","Little"
"673","Metrics","13 - Jul - 2022","/#`8B#Oorh","29","Miriam","Weber"
"674","Program","29 - Mar - 2021","hYa0Gn[|!H","17","Emmett","Roob"
"675","Accounts","21 - May - 2021","B<vpL/mASp","88","Alicia","Moen"
"676","Applications","13 - Jun - 2024","Q/]$qb#wQ?","27","Howard","Hagenes"
"677","Intranet","9 - Feb - 2022","K$X1B)xpmH","32","Vickie","Hegmann"
"678","Interactions","30 - Mar - 2021","2xt;>OsnoB","52","Simon","Flatley"
"679","Directives","1 - Nov - 2022","LpQ*C&pY\W","87","Rodolfo","Harris"
"680","Assurance","16 - Feb - 2021","k?gj^jzBc*","28","Sonya","McLaughlin"
"681","Branding","6 - Dec - 2022","-'CtwH5}OZ","90","Todd","Schoen"
"682","Web","1 - May - 2024","o]?N""dLZy2","48","Leticia","Heidenreich"
"683","Directives","6 - Jan - 2024","b+1F(dCo)F","99","Edith","Weber-Kulas"
"684","Markets","6 - Jul - 2023","g[_FGc:(lZ","22","Freddie","Parker-Kohler"
"685","Configuration","22 - Oct - 2020",":x)FImE+ch","94","Becky","Bode"
"686","Accountability","10 - Sep - 2024","?;D\1.lav]","62","Fannie","Cole"
"687","Marketing","23 - Nov - 2023","[>rp])6E;b","65","Nicholas","Abshire"
"688","Branding","15 - Aug - 2023","?##$7qZ-c#","59","Nadine","Becker"
"689","Implementation","15 - Dec - 2022","vS%_>f5#El","58","Jody","Schinner"
"690","Branding","28 - Jan - 2022","zy8fFP%|0G","33","Kathleen","Littel"
"691","Tactics","1 - Mar - 2023","hsi35(m89Q","93","Danielle","Hand"
"692","Quality","17 - May - 2020","gw;VBx"")W]","55","Clay","Paucek"
"693","Operations","24 - Apr - 2021","oUv8wje_t8","07","Jerome","Kuhic"
"694","Web","9 - Mar - 2022","T(q{AA?c%x","38","Ora","Ferry"
"695","Accountability","18 - Jan - 2021","h-&C}WJxWO","67","Joe","Larkin"
"696","Solutions","7 - Oct - 2020","^r)3Jw{W)|","14","Brittany","Cole"
"697","Web","8 - Apr - 2021","vW>m2_Tb!o","01","Sophie","Hayes"
"698","Creative","15 - Jan - 2021","kj%?()L!;!","53","Fernando","Wehner"
"699","Operations","1 - Jul - 2020","s%6VAIMjx>","96","Frances","Feil"
"700","Factors","7 - Jul - 2022",">%i(e>-aEe","47","Tina","Price"
"701","Quality","17 - Jan - 2024","neaJ,(^kkv","33","Thomas","Wiegand"
"702","Assurance","8 - Apr - 2024","(GxRBsTde]","68","Kelley","O'Kon"
"703","Identity","10 - Jun - 2023","r:Bmi+XFx:","06","Regina","Hintz"
"704","Data","23 - Jun - 2024","=Bd5LG_M$+","18","Cornelius","Moen"
"705","Identity","28 - Sep - 2023","""J0>d<he@2","05","Preston","MacGyver"
"706","Research","18 - May - 2021","b01-VV<f5F","98","Guillermo","Spencer"
"707","Interactions","7 - Apr - 2024","bgb|vbAYyz","19","Rochelle","Beer"
"708","Mobility","25 - Mar - 2023","H]n&nXu}jd","50","Jesus","Wyman"
"709","Data","27 - Jul - 2021","4*_5_AQsNS","06","Agnes","Denesik"
"710","Marketing","10 - Aug - 2022","vOEG=RF6pI","15","Allen","Hyatt-Rogahn"
"711","Mobility","31 - Oct - 2023","q[XsUG;;Xc","00","Derek","Wiza"
"712","Creative","16 - Jun - 2022","g?)svi?K[8","43","Esther","Cormier"
"713","Response","25 - Oct - 2022","@nhxc+`P9P","34","Marc","Willms"
"714","Interactions","7 - Jan - 2020","*).ht8qx+<","86","Della","Spinka"
"715","Brand","10 - Jul - 2023","+1`XMx;&pf","90","Alyssa","Erdman"
"716","Factors","19 - Sep - 2024","bJa4Ow1*LG","81","Oscar","Mosciski"
"717","Brand","16 - Jan - 2022","0[6$yc5r]n","73","Lindsey","Spencer"
"718","Research","27 - Apr - 2020","?3rE|tRfDR","32","Bryant","Prohaska"
"719","Factors","23 - Aug - 2024","+?bx;[}Kn^","13","Angelica","Harber"
"720","Operations","20 - Jul - 2023","+T2<GH;o3d","93","Justin","Altenwerth"
"721","Assurance","5 - Jan - 2022","[r]Wiv*MZ`","86","Brent","Blanda-Schinner"
"722","Web","25 - Apr - 2021","E.#R@*{7s^","26","Chad","Bradtke"
"723","Interactions","2 - Feb - 2022","n1kD6nb\b5","08","Connie","Balistreri-Zieme"
"724","Operations","18 - Feb - 2024","RCR}5n{S5M","11","Adrienne","Bins"
"725","Paradigm","4 - Jul - 2020","4wjU>o|--C","17","Hattie","Mohr"
"726","Implementation","7 - Apr - 2020","x>"">sn`Y62","31","Hector","Emard"
"727","Intranet","1 - Apr - 2020","bFq,@J7x!K","46","Teresa","Leuschke-Dickinson"
"728","Infrastructure","12 - Jan - 2021","DVSwZY]xLJ","71","Evan","Franecki"
"729","Accounts","3 - Nov - 2020","'&Oh3L>5k=","94","Christie","Kutch"
"730","Response","15 - Nov - 2020","bE,qJuw9q>","39","Vernon","Kilback"
"731","Integration","20 - Sep - 2022",".\mN{6xs'm","43","Kimberly","Jones"
"732","Program","7 - Oct - 2023","z$BaTVSZn(","37","Jason","Schmidt"
"733","Identity","21 - May - 2022","@9+[U4Au=k","18","Katrina","Wilderman"
"734","Data","6 - May - 2022","@@-(2S}m9n","55","Thomas","Johns"
"735","Creative","21 - Oct - 2023","4x\D]>hrmc","67","Lela","Bernier"
"736","Optimization","26 - Jun - 2021","5(*l-kj3..","93","Myron","Wuckert"
"737","Branding","18 - Nov - 2022","|toGPOC1A(","93","Rhonda","Abernathy"
"738","Brand","19 - Jun - 2022",";37,RLP])Q","10","Rosalie","Keeling"
"739","Web","3 - Oct - 2023","!FKRdV!cW7","24","Jody","Jerde"
"740","Infrastructure","24 - Sep - 2024","t{|];*zja<","24","Sheryl","Little"
"741","Accounts","30 - Nov - 2020","\!3e2KJZC>","40","Amelia","Kreiger"
"742","Research","11 - Sep - 2022","w^@7g1(0Mp","71","Rebecca","Rau"
"743","Program","4 - Aug - 2023","Z>7<F7wM_5","73","Nettie","Hahn"
"744","Operations","8 - Nov - 2020","Cr`?N5Q907","04","Susan","Toy"
"745","Program","24 - Jul - 2021","oq(D8%>'oL","82","Alfred","Nader"
"746","Metrics","30 - Jul - 2023","(v3@}{+iYC","29","Brendan","Rosenbaum"
"747","Communications","24 - May - 2020","AK%2dPB4Ne","60","Hope","Mann"
"748","Communications","13 - Mar - 2022",",,peI5[3no","88","Valerie","Davis"
"749","Creative","31 - Jul - 2022","Nyw'0(J_kd","24","Daisy","Batz"
"750","Group","24 - Jul - 2021","MY9D:`>A`""","55","Brendan","Crona"
"751","Functionality","1 - Jun - 2024","c]j<7rpNTf","82","Viola","Conn"
"752","Brand","23 - Jul - 2020","wM;zeVxzAx","48","Jimmie","Braun"
"753","Directives","6 - May - 2020","w]I[7Czev<","72","Jeannette","Veum"
"754","Intranet","15 - Jul - 2021","'PeN@fO@,b","21","Russell","Considine"
"755","Functionality","16 - Apr - 2024",".F6a<5/u1E","70","Ruben","McKenzie"
"756","Usability","16 - Jan - 2021","[fgdXNou8.","79","Lynn","Grimes"
"757","Data","13 - Jul - 2024","njaq7FWO:v","76","Agnes","Hermiston"
"758","Marketing","12 - Mar - 2022","2wt#K/c=7_","25","Angel","Langosh"
"759","Paradigm","13 - Mar - 2023","fspd1""^Mv|","94","Theodore","Kemmer"
"760","Applications","26 - Aug - 2020","cY@-tj9v|F","66","Pat","Buckridge-Bruen"
"761","Implementation","3 - Jul - 2020","P`4x^[{\bw","21","Brandy","Bins"
"762","Web","2 - Jun - 2023","JHc=Gqh9'G","42","Marcella","Thompson"
"763","Intranet","16 - Aug - 2021","9wZXx0u4mH","64","Rodolfo","Jast"
"764","Infrastructure","29 - Jun - 2024","""HYSnzpuW-","10","Ted","Wintheiser"
"765","Markets","6 - Mar - 2024","#F;:=m(cSi","07","Dolores","Ziemann"
"766","Accountability","9 - Dec - 2021","Jj$V2X,CGV","61","Kristine","Funk"
"767","Usability","5 - Jul - 2024","2w!tB6(*x!","81","Nellie","Bradtke"
"768","Web","14 - Sep - 2022","Aq-CYa|DD^","10","Devin","Marvin"
"769","Assurance","25 - May - 2024","OSDqUwZ9N;","87","Donna","Strosin"
"770","Creative","26 - May - 2024","OPiFCU!6`N","38","Bonnie","Cassin"
"771","Implementation","28 - Sep - 2022","#AI58B)\$,","97","Guadalupe","Donnelly-Turcotte"
"772","Applications","15 - Jul - 2022","/WcDChMz#E","80","Josephine","Hegmann"
"773","Accounts","28 - Jun - 2023","28?\1z58!P","34","Marty","Hagenes"
"774","Creative","26 - Oct - 2022","fDxSQl0u[9","28","Agnes","Conn"
"775","Accountability","20 - Dec - 2023","Lj^wR;2{.g","33","Juan","Baumbach"
"776","Research","29 - Mar - 2022","MMLNb))#?@","42","Ella","Romaguera"
"777","Web","4 - Nov - 2022","v\e2(R:`<%","96","Diane","Nader"
"778","Program","1 - Nov - 2023","Y%-JK,t4^#","06","Shelly","Mayert-Johns"
"779","Intranet","11 - Nov - 2021","@DR;+X!1g<","33","Robert","Feil-Armstrong"
"780","Paradigm","15 - Jan - 2022","#}w}^)0o^7","60","Kelly","Nolan"
"781","Paradigm","11 - Mar - 2021","SPwi?wMyV`","52","Jake","Corwin"
"782","Web","28 - Oct - 2020","*x^u5%3KT=","39","Luis","Schumm-Barrows"
"783","Communications","29 - May - 2022","5`v=VL;Mq7","85","Maryann","Gleason"
"784","Security","4 - Apr - 2020","z1RL8BJ&s#","45","Barry","Schultz-Armstrong"
"785","Functionality","27 - May - 2022","3L7g2/<HA7","68","Lori","Steuber"
"786","Communications","5 - Sep - 2023","sis|:[#7J0","07","Lowell","Bosco"
"787","Branding","26 - Feb - 2022","j\-4$7U*J)","66","Orlando","Bauch-Frami"
"788","Communications","25 - May - 2023","hC%vF.pDg5","64","Cassandra","Beatty"
"789","Data","12 - Aug - 2020",")0G-@d>.x<","02","Janet","Hudson"
"790","Paradigm","6 - Jan - 2021","DR}V=2d;RD","80","Frankie","Lesch"
"791","Marketing","14 - Aug - 2024","nbE7&KY/ub","89","Bonnie","Friesen"
"792","Accounts","28 - Aug - 2024","Z*1SPt'*^j","32","Minnie","Krajcik"
"793","Security","25 - Nov - 2021","ZLojn0KW@j","24","Margaret","West"
"794","Solutions","27 - Feb - 2024","f(!*pe""!ht","11","Joyce","Legros-Lynch"
"795","Identity","5 - Mar - 2020","50*w?(zgLE","71","Lucia","Kris"
"796","Group","26 - Sep - 2024","qp<RiiBAtd","33","Amanda","Carroll"
"797","Paradigm","10 - Apr - 2021","&ViIuZ7!<q","86","Anita","Schamberger"
"798","Group","29 - Aug - 2023","/'0j?5eunB","76","Wilfred","Block"
"799","Assurance","12 - Jul - 2022",":g$,G08q[1","73","Vickie","Berge"
"800","Markets","25 - Aug - 2023","U*>bJ>F||q","77","Elaine","Cruickshank"
"801","Interactions","6 - May - 2023","6o}yo6GA(6","11","Otis","Dickens"
"802","Implementation","25 - Jun - 2023","s!zW;sdAIh","84","Melanie","Hegmann"
"803","Brand","8 - Aug - 2022","^u.C;2I@wt","95","Damon","D'Amore"
"804","Program","28 - Oct - 2022","zS*>BMMaK^","97","Jody","Cruickshank"
"805","Implementation","15 - May - 2023","u!2x.(03c@","19","Lillie","Mayert"
"806","Usability","24 - Apr - 2020","%?;Z(d=rRR","56","Nancy","Dickinson"
"807","Research","10 - Aug - 2023","]<:mxX:""I9","41","Allison","Reichert"
"808","Factors","31 - Dec - 2021","]OA""IPU(y)","75","Marco","Bashirian"
"809","Integration","16 - Sep - 2023","""8fsyFt;L>","00","Eugene","Conroy"
"810","Configuration","5 - Sep - 2022","q[y<h|W""A3","11","Ed","Swaniawski"
"811","Creative","22 - Jun - 2020","6{o-)03gy\","03","Glen","Mills-Bartoletti"
"812","Brand","9 - Jan - 2023","ma2|<`X}rJ","53","Marie","Corkery"
"813","Usability","13 - Aug - 2020","J""5I??zH;i","91","Shari","Witting"
"814","Mobility","28 - Sep - 2023","9y|*O8kszd","40","Casey","Crist"
"815","Identity","9 - Oct - 2021","[jkZHR0EY8","11","Clark","Schimmel"
"816","Communications","5 - Feb - 2021","5,=?wK%P/X","93","Regina","Orn"
"817","Implementation","29 - May - 2021","Dw!D\oq-<V","51","Tammy","Lynch"
"818","Implementation","8 - Sep - 2023","}ec&3X[(y!","85","Florence","Ernser"
"819","Implementation","11 - Aug - 2021","Pr^qt!_oZb","98","Kristy","Nader-Jacobi"
"820","Creative","26 - Apr - 2022","EHbJ[c:Tb4","92","Melanie","Daniel"
"821","Accounts","28 - Mar - 2022","94\*&A?t8{","18","Rhonda","Lakin"
"822","Accountability","1 - Oct - 2024","ixwL,cx`[/","62","Nichole","Funk"
"823","Accountability","26 - Oct - 2020","[7TOg/&7g{","30","Jeremy","Ruecker"
"824","Research","24 - Feb - 2021","K}pa83))':","15","Roosevelt","Kuhlman"
"825","Optimization","10 - Feb - 2023","VHdk?K}ggK","58","Brandon","Breitenberg"
"826","Implementation","11 - May - 2023","gzLo""-;n6R","87","Abraham","Stehr"
"827","Quality","28 - Sep - 2022","Uxb#j<W;cJ","01","Dawn","Will"
"828","Applications","19 - May - 2024",":huV6tC:}>","48","Wilbur","Simonis"
"829","Markets","14 - Oct - 2021","a5ppZ--m^P","40","Tom","Bogan"
"830","Branding","25 - Jul - 2024","r7""(-m/cR%","70","Roy","Veum"
"831","Usability","6 - Jan - 2021","O@4Vurb7sI","71","Wilma","Gutkowski"
"832","Functionality","12 - May - 2022","t0i@eLSes!","35","Clyde","Crona"
"833","Accounts","5 - Aug - 2021","[r#E\5B(Nj","02","Alonzo","Mueller"
"834","Intranet","4 - Jun - 2023","eXp(u13XsK","38","Sherri","Bayer"
"835","Brand","13 - Oct - 2024","W$_\'!|*=\","52","Morris","Franecki"
"836","Intranet","4 - Jul - 2020","xV9F>`ax9C","47","Nathan","Boyle"
"837","Group","8 - Jan - 2021","grPZmT4s!V","18","Patrick","Jacobson"
"838","Quality","3 - May - 2021","`L$[4JKFgG","28","Elvira","Cremin"
"839","Applications","11 - May - 2024","s;dOX=ojT>","29","Natasha","Mante-Bayer"
"840","Usability","12 - May - 2020","Z'Z=77'a_]","00","Beulah","Murphy"
"841","Division","10 - Nov - 2021","PmPU+|tX)""","63","Felicia","Grady"
"842","Configuration","4 - Oct - 2023","i%Aq<9k)Mb","19","Irving","Jakubowski"
"843","Mobility","27 - Mar - 2024",")(a.hrh0TR","50","Justin","Schmeler"
"844","Factors","15 - Feb - 2020","'WIf<Ewa!2","40","Johnathan","Greenfelder"
"845","Security","30 - Mar - 2023","n[B8X:M_BW","98","Tiffany","Lynch"
"846","Intranet","28 - Nov - 2022","[q@e>[^D""s","60","Marco","Terry"
"847","Solutions","14 - May - 2024","RpA3NP;,dP","33","Diana","Grady"
"848","Communications","20 - Dec - 2020","!V""'$}8PN""","10","Arthur","Kuhn"
"849","Factors","11 - Mar - 2022","BG]Rx|-rP;","11","Rachel","Bashirian"
"850","Tactics","4 - Sep - 2023","H05:@9af{W","13","Pablo","Moen"
"851","Assurance","17 - Mar - 2021",")3wM%\-0P5","10","Miranda","Runolfsson"
"852","Infrastructure","25 - Jan - 2024","R)|}Q3C8JE","25","Stewart","Hintz"
"853","Markets","1 - Jan - 2021","VP]P1CR*Rc","66","Camille","Ryan"
"854","Tactics","24 - Jul - 2024","{[9i];l_JC","25","Lisa","Kshlerin"
"855","Data","14 - Jan - 2020","!,%FI@s[Ku","39","Charlie","Sanford"
"856","Markets","22 - Sep - 2022","}#|q3-;q,{","70","Lamar","Hilll"
"857","Accountability","17 - Nov - 2023","bwqcoV;!YR","94","Theresa","Pollich"
"858","Configuration","1 - Dec - 2021","*.""""c`y7U-","37","Nicolas","Langosh"
"859","Marketing","21 - May - 2023","ds\4br::uG","55","Debbie","Boyer"
"860","Implementation","29 - Jun - 2023","z2y!3'2{(5","93","Jamie","Boyle"
"861","Interactions","11 - Sep - 2021","7L^;!px,F<","69","Evan","Jacobi"
"862","Usability","6 - Jun - 2020","Snbr|2jbGk","14","Lynne","Thiel"
"863","Usability","10 - Jan - 2023","Rnn9Zlb2e2","29","Lucas","Doyle"
"864","Integration","23 - Jun - 2022","};DoifHLX-","80","Roderick","Walter"
"865","Brand","21 - Feb - 2022","oVa=}6,!p@","12","Shawna","Turner"
"866","Paradigm","18 - Aug - 2023","$dk6'%Nsk[","82","Jim","Kling"
"867","Directives","21 - Aug - 2022","^b>6nTw8D^","42","Abraham","Ward"
"868","Research","7 - Jun - 2021","?Vb0Qjz""UO","76","Melvin","Zemlak"
"869","Brand","27 - Oct - 2020","wmAn/ysEJ`","38","Celia","Cole"
"870","Group","20 - Mar - 2021","koz^^7u0KX","67","Raul","Brown"
"871","Functionality","2 - Apr - 2021","'<OD*s/uz,","07","Stephanie","Jaskolski"
"872","Mobility","15 - Feb - 2021","Ef""'lf,=u/","60","Mario","Runolfsson"
"873","Intranet","25 - Sep - 2022","mi8Y},*T-H","37","Clay","Heidenreich"
"874","Infrastructure","13 - Apr - 2024","m""oy@AjUP;","85","Alyssa","Prosacco-Jast"
"875","Solutions","18 - Apr - 2022","{|&Ek*R4d1","22","Elsa","King"
"876","Factors","6 - Jan - 2024","h=5M/AE/D^","67","Henrietta","Terry"
"877","Applications","29 - May - 2023","MdOKz,gA)i","47","Bridget","Wiza"
"878","Group","25 - Apr - 2020","|=}h&Lo0ce","01","Johnnie","Simonis"
"879","Directives","19 - Sep - 2024","FO_+v'7m""T","58","Drew","Keeling-Stiedemann"
"880","Solutions","4 - Sep - 2024","xb+{`^sgR)","63","Fannie","Frami"
"881","Interactions","5 - Mar - 2024","h=O^N/2|6w","83","Vicki","Nicolas"
"882","Response","27 - Dec - 2021","PPYFm83qsI","30","Kristy","Boyer"
"883","Quality","13 - Jan - 2024","C/nx=`TxMY","79","Samantha","Funk"
"884","Solutions","1 - Apr - 2022","+PfLO]kA$#","53","Greg","Parisian"
"885","Solutions","27 - Apr - 2024","talmi'dNbb","60","Luther","Lockman"
"886","Optimization","2 - Apr - 2022","9P5QejR+?[","94","Randy","Blick"
"887","Integration","23 - Sep - 2020","?,Bw{F0iwm","38","Lucy","Parker"
"888","Applications","21 - Jan - 2023","83\_@&N\/&","63","Marco","Goldner"
"889","Interactions","25 - Apr - 2022","vdN=vS1k51","68","Rachel","Jakubowski"
"890","Markets","10 - Jan - 2023",".Hr,1&}Fj""","19","Katherine","Dooley-Altenwerth"
"891","Assurance","19 - May - 2024","|yL)np%'$B","55","Miriam","Paucek"
"892","Metrics","26 - Aug - 2020","1_=}8HH7J;","90","Flora","Harvey"
"893","Quality","31 - Aug - 2021","vMuUnD=ebA","04","Marian","Rath"
"894","Identity","26 - Mar - 2023","612nAnKPen","76","Matt","Turner"
"895","Operations","5 - Jan - 2021","5I8E5Wh5-%","94","Naomi","Schuster"
"896","Response","27 - Dec - 2023","SW0P-:\5KK","18","Essie","Koss"
"897","Mobility","27 - Jul - 2024","hJ3XI;;1""z","70","Gwen","Haag"
"898","Web","24 - Oct - 2020","jX}$48Es1[","79","Jeffrey","Ledner"
"899","Metrics","9 - Aug - 2023","6[gh'65w`8","14","Cody","Beatty"
"900","Group","1 - Apr - 2024","}om>Ny+mnd","53","Terrance","Green"
"901","Integration","11 - Jun - 2024","|^Ahj;Jd7i","30","Mack","Williamson"
"902","Quality","22 - May - 2022","hs9u(L>7""*","35","Kristopher","Heller"
"903","Response","2 - Jun - 2020","kCY{""&^]u>","48","Geraldine","Huels"
"904","Optimization","10 - Nov - 2020","*-ZV?""l3cI","03","Robyn","Homenick"
"905","Markets","26 - Jul - 2024","sIr9!YLTx;","06","Craig","Rowe"
"906","Assurance","8 - Aug - 2022","RM7E-Tq#gM","52","Raul","Durgan"
"907","Markets","2 - May - 2024","Q]F,$yOJ6(","78","Domingo","Emmerich"
"908","Solutions","17 - Aug - 2023","G$YYw!9UBt","34","Angelica","Berge"
"909","Implementation","24 - Aug - 2021","HCxDqG]g#/","19","Jack","Dach"
"910","Usability","28 - Oct - 2021","["",3#Z]AIy","87","Eva","Gibson"
"911","Mobility","16 - Jun - 2021","<r=j5tcq^]","02","Jeanne","Nolan"
"912","Paradigm","25 - Nov - 2023","Is-`^l}UaX","60","Christy","Crist"
"913","Infrastructure","3 - Nov - 2021","QIu5I[Vf,,","19","Marie","Roob"
"914","Markets","25 - Jan - 2021","a6nMZq9{J>","80","Mona","Langworth-Gutmann"
"915","Factors","3 - Dec - 2022","dJZ)v7x,**","28","Marc","Oberbrunner"
"916","Identity","5 - Jul - 2020","NUS'cvMvY=","74","Rose","Ankunding"
"917","Markets","8 - Feb - 2022","]s]/YU3{lc","59","Darnell","Miller"
"918","Web","9 - Nov - 2023","JYy\HhGX0H","91","Mona","Dickinson"
"919","Program","28 - Jun - 2020","%fs:n[-b+\","64","Herman","Hauck"
"920","Communications","30 - Jul - 2020","$[|`zjOTJc","64","Verna","Bergstrom"
"921","Tactics","9 - Jul - 2024","ri@.V$[vZs","91","Isaac","Veum"
"922","Marketing","27 - Jul - 2023","i6|]b-YbGO","75","Neil","Wyman"
"923","Configuration","16 - Nov - 2021","[oQ(t![D]5","38","Ralph","Jast"
"924","Paradigm","6 - Aug - 2020","5-ff\&5hNX","06","Amy","D'Amore"
"925","Directives","24 - Feb - 2021","|Gvhu]0RA=","93","Stephanie","Strosin"
"926","Directives","29 - Oct - 2021","#nOB=^=gI7","23","Phil","Vandervort"
"927","Integration","4 - Jun - 2022",":q(40Jol^v","08","Hector","Altenwerth"
"928","Directives","3 - Apr - 2020","Cl#*|'A2/3","86","Lynne","Torp"
"929","Infrastructure","16 - Sep - 2022","wrc^MOe}61","72","Inez","Mosciski"
"930","Research","17 - Feb - 2022","zu(.&0!*6R","93","Clifton","Dicki"
"931","Mobility","8 - Apr - 2020","B%a{ctm%VR","71","Fannie","Jenkins-Fahey"
"932","Accountability","16 - Apr - 2023","Ch#i8YpzaE","05","Brian","Powlowski"
"933","Usability","7 - Jul - 2022","nlLE8CkB+)","13","Jaime","Zboncak"
"934","Metrics","20 - May - 2020","jUV)aV&g1H","85","Greg","Bashirian"
"935","Mobility","26 - Feb - 2022","`d6'0,#r)0","70","Daniel","Halvorson"
"936","Creative","18 - Jan - 2022","}=4}.C6l>.","55","Kristi","Kuhic"
"937","Program","12 - Mar - 2021","hT#]omVz&u","83","Sergio","Murphy"
"938","Mobility","21 - Dec - 2023","h0!h=`)P1g","39","Ramona","O'Reilly"
"939","Web","14 - Feb - 2020","&FMnh,fpc{","21","Marcos","Hartmann"
"940","Directives","20 - Feb - 2024","ufIIjwM'3}","69","Otis","Lowe"
"941","Infrastructure","19 - Nov - 2021","Z/&WTNus_u","67","Kelley","Kozey"
"942","Configuration","4 - Apr - 2021","^_O]F&e@hf","20","Gary","Leffler"
"943","Creative","2 - Jul - 2023","yK,kzW<]wU","09","Carlton","Ward"
"944","Paradigm","25 - Apr - 2020","KAn&b^h2+V","24","Brent","Hoppe"
"945","Interactions","12 - Jan - 2024","aL.fQ*_zA%","95","Vicki","Block-Ziemann"
"946","Assurance","2 - Mar - 2021","dZ""V$OfW0O","18","Roy","Robel"
"947","Division","12 - Mar - 2020","%I,A-;A/*q","54","Lance","Jenkins"
"948","Accountability","11 - Dec - 2023","&XE<j!jm#,","92","Felipe","Luettgen"
"949","Solutions","24 - Feb - 2024","X0X[Pf^=^v","51","Christopher","Runolfsdottir"
"950","Security","4 - Jul - 2024","@/5kJB>9Rs","95","Helen","Metz"
"951","Data","20 - Jan - 2022","tdk::gD]4-","53","Traci","Braun"
"952","Response","12 - Apr - 2021","_`;lxUi^Fd","41","Gregg","Bartoletti"
"953","Infrastructure","7 - Jun - 2020","<pfQo&gN0>","28","Josephine","Heller"
"954","Intranet","23 - Jan - 2024","$:OsV|>`Vv","46","Ross","Windler"
"955","Factors","2 - Feb - 2022","4;<ksKTnd<","86","Patty","Nitzsche"
"956","Brand","29 - Feb - 2020",")KcmA2_Oc_","13","Toby","Huels"
"957","Security","29 - Sep - 2024","j!?hp>vW0M","60","Ignacio","Kilback"
"958","Tactics","17 - Mar - 2022","*e0kVFmg/s","50","Jerome","Collins"
"959","Optimization","17 - Jul - 2020","3Tot}uUw=.","77","Kenneth","Stark"
"960","Web","26 - Jun - 2022","vjIU""KdAA%","40","Eugene","Heaney"
"961","Division","27 - Dec - 2020",">@I1fz9fvC","66","Patricia","Berge"
"962","Mobility","2 - May - 2024","|Y,G6[*=o9","88","Jerry","Johnston"
"963","Mobility","21 - Jul - 2021","l[RX$aYhx>","60","Alexander","Hettinger"
"964","Applications","28 - Sep - 2020","I+afGtpW3k","75","Benny","Tillman"
"965","Response","7 - Dec - 2022","ie*6V`tKH8","02","Hugh","Mueller"
"966","Quality","29 - Dec - 2021",".+G\B]xyho","25","Anne","Witting"
"967","Metrics","29 - Sep - 2023","l/QdHv+3n8","81","Krystal","Wiegand"
"968","Group","16 - Oct - 2022","F2q3KFxxj}","54","Rex","Bosco"
"969","Accountability","11 - Aug - 2021","/'MAicA90p","69","Frances","Mayer"
"970","Factors","30 - Aug - 2020","nm^5VP!yv_","67","Louise","Littel"
"971","Usability","18 - Dec - 2022","=qvA/}a&SK","60","Bruce","Hoppe"
"972","Paradigm","3 - Jun - 2021","Hn%n.rr@K4","72","Jackie","Beatty-Nitzsche"
"973","Configuration","13 - Dec - 2020","5V@.72&b@9","21","Natasha","Jast"
"974","Usability","6 - Dec - 2020","RSD@+EtgrD","09","Leonard","Gutkowski"
"975","Branding","5 - May - 2023","D\x]@2FC.,","66","Luz","Howell"
"976","Solutions","9 - Jan - 2020",".l${Itq}|k","80","Claudia","Wisoky"
"977","Quality","26 - Nov - 2023",";S&bdan6?o","43","Helen","McLaughlin"
"978","Metrics","25 - Oct - 2022","patlpOBh>s","95","Seth","Kilback"
"979","Web","2 - Jul - 2023","mja99]MY'S","71","Andres","Frami"
"980","Interactions","23 - Sep - 2023","{'Q}=BU=b`","90","Lindsay","Ebert"
"981","Solutions","11 - Feb - 2023","?AV0e%]>il","92","Kristin","Lesch"
"982","Accountability","27 - Jun - 2021","e%"";QXNob8","86","Lloyd","Reichel"
"983","Division","19 - May - 2021","w?HjXz?l\?","80","Blanca","Lang"
"984","Optimization","24 - Jun - 2023","(us=42QU'g","99","Nicole","Dickens"
"985","Accounts","3 - Jan - 2020","Tebk0+UnXe","37","Joanne","Dickens"
"986","Web","13 - Aug - 2023","=Z%r-uX)0=","00","Horace","Will"
"987","Interactions","23 - Jun - 2024","@'9a.!Lmp2","48","Ross","Crooks"
"988","Metrics","31 - Jan - 2021","u-Al-LRq(|","99","Carolyn","Vandervort"
"989","Program","28 - Jun - 2024",".h4M-wVZ2[","30","Marjorie","Cronin"
"990","Group","30 - Jul - 2020","`y,GO&,Ukk","21","Patti","McGlynn"
"991","Operations","26 - Jan - 2022",">2w76qXY6i","90","Kenny","Prosacco"
"992","Accountability","16 - Jan - 2021","%yeJ2\KfG_","21","Kelly","Schmidt"
"993","Brand","22 - Apr - 2024","P$}vZ/zbTL","79","Sonya","Beer"
"994","Assurance","18 - Mar - 2022","W2Nhv\gA:S","68","Steve","Rogahn"
"995","Marketing","14 - Jan - 2024","<@}+T>#?l_","06","Roosevelt","Cartwright-Satterfield"
"996","Identity","18 - Jan - 2024","N,ykQH(/*`","83","Tom","Ebert"
"997","Accountability","2 - Apr - 2024","cFAulpQm,U","58","Jermaine","Mitchell"
"998","Creative","6 - May - 2024","6}fdrs(/r1","60","Ida","Homenick"
"999","Operations","4 - Oct - 2021","@cu9xIkC#<","63","Melody","Kemmer"
"1000","Quality","29 - Feb - 2024","9)nYA;lN7\","02","Benny","Veum"